CITTA,LNG,LAT
AGLIE,7.76860000,45.36343304
AIRASCA,7.48443104,44.91688598
ALA DI STURA,7.30434392,45.31511014
ALBIANO D'IVREA,7.94914491,45.43389336
ALICE SUPERIORE,7.77701858,45.46009360
ALMESE,7.39518194,45.11766321
ALPETTE,7.57859732,45.40998223
ALPIGNANO,7.52426733,45.09446973
ANDEZENO,7.86994864,45.03586095
ANDRATE,7.87383937,45.52837479
ANGROGNA,7.22429215,44.84344991
ARIGNANO,7.90244635,45.04402899
AVIGLIANA,7.39632339,45.07935742
AZEGLIO,7.99477070,45.42486190
BAIRO,7.75691809,45.38624929
BALANGERO,7.51930957,45.27003001
BALDISSERO CANAVESE,7.74444451,45.40840358
BALDISSERO TORINESE,7.81780767,45.06842334
BALME,7.21831414,45.30229406
BANCHETTE,7.85656384,45.46085010
BARBANIA,7.63051093,45.29050020
BARDONECCHIA,6.70382393,45.07816901
BARONE CANAVESE,7.87055626,45.32772558
BEINASCO,7.57915804,45.02207899
BIBIANA,7.28978596,44.79758015
BOBBIO PELLICE,7.11790449,44.80770617
BOLLENGO,7.94534881,45.47335720
BORGARO TORINESE,7.65789441,45.15198241
BORGIALLO,7.66773369,45.41681320
BORGOFRANCO D'IVREA,7.85852209,45.51300686
BORGOMASINO,7.98879962,45.36155134
BORGONE SUSA,7.24121397,45.12313936
BOSCONERO,7.76506984,45.26856393
BRANDIZZO,7.84147562,45.17765247
BRICHERASIO,7.30288754,44.82558164
BROSSO,7.80333443,45.49276005
BROZOLO,8.07127843,45.11741930
BRUINO,7.46769111,45.02023250
BRUSASCO,8.06009417,45.15595512
BRUZOLO,7.19397692,45.14312487
BURIASCO,7.41192286,44.87335846
BUROLO,7.93205672,45.48411969
BUSANO,7.65574370,45.32883648
BUSSOLENO,7.14931876,45.13727952
BUTTIGLIERA ALTA,7.43678073,45.06701514
CAFASSE,7.51812356,45.24471151
CALUSO,7.89150532,45.30786205
CAMBIANO,7.77932471,44.97345960
CAMPIGLIONE FENILE,7.32503803,44.80212440
CANDIA CANAVESE,7.88661250,45.32816809
CANDIOLO,7.60121104,44.96026547
CANISCHIO,7.59521831,45.37434585
CANTALUPA,7.33260383,44.94030975
CANTOIRA,7.38167977,45.34323553
CAPRIE,7.33250655,45.11786515
CARAVINO,7.96021360,45.39860532
CAREMA,7.81230448,45.58444747
CARIGNANO,7.67534298,44.90666664
CARMAGNOLA,7.71815745,44.84654865
CASALBORGONE,7.94044052,45.12996270
CASCINETTE D'IVREA,7.90469845,45.47845422
CASELETTE,7.48320717,45.10588105
CASELLE TORINESE,7.64818634,45.17716554
CASTAGNETO PO,7.88698844,45.16060833
CASTAGNOLE PIEMONTE,7.56655619,44.89861960
CASTELLAMONTE,7.70986533,45.38333540
CASTELNUOVO NIGRA,7.69511431,45.43732305
CASTIGLIONE TORINESE,7.81609370,45.12330917
CAVAGNOLO,8.05131021,45.15207451
CAVOUR,7.37523198,44.78403126
CERCENASCO,7.50125803,44.86126074
CERES,7.38934335,45.31307899
CERESOLE REALE,7.23254114,45.43261794
CESANA TORINESE,6.79422776,44.95241086
CHIALAMBERTO,7.34570078,45.36285948
CHIANOCCO,7.16939346,45.14858580
CHIAVERANO,7.90312753,45.49939701
CHIERI,7.82107157,45.01315317
CHIESANUOVA,7.65605931,45.41780821
CHIOMONTE,6.98338614,45.11938583
CHIUSA DI SAN MICHELE,7.32644490,45.10154711
CHIVASSO,7.88713950,45.18855522
CICONIO,7.75987216,45.33032199
CINTANO,7.68662115,45.42805026
CINZANO,7.92112148,45.09389859
CIRIE,7.60378213,45.23202337
CLAVIERE,6.74930630,44.93861812
COASSOLO TORINESE,7.46132937,45.30071349
COAZZE,7.29464354,45.05141806
COLLEGNO,7.56912947,45.07740152
COLLERETTO CASTELNUOVO,7.67898169,45.42140642
COLLERETTO GIACOSA,7.79996443,45.43288813
CONDOVE,7.31072991,45.11714338
CORIO,7.53256155,45.31274311
COSSANO CANAVESE,7.99337324,45.38833099
CUCEGLIO,7.81484395,45.35892893
CUMIANA,7.37437677,44.98279566
CUORGNE,7.64891501,45.39122707
DRUENTO,7.57620424,45.13473277
EXILLES,6.92962420,45.09749088
FAVRIA,7.68801437,45.33284709
FELETTO,7.74710800,45.30549111
FENESTRELLE,7.05188671,45.03429618
FIANO,7.51978357,45.21812133
FIORANO CANAVESE,7.82897738,45.46756986
FOGLIZZO,7.82317874,45.27201738
FORNO CANAVESE,7.58678049,45.34683712
FRASSINETTO,7.60567906,45.43603247
FRONT,7.66559657,45.27955070
FROSSASCO,7.35077043,44.93362239
GARZIGLIANA,7.37473116,44.83677569
GASSINO TORINESE,7.82489660,45.12745280
GERMAGNANO,7.46686447,45.26218096
GIAGLIONE,7.01413849,45.13968801
GIAVENO,7.35308652,45.04475307
GIVOLETTO,7.49677295,45.15877935
GRAVERE,7.02107286,45.12391840
GROSCAVALLO,7.28229522,45.36895345
GROSSO,7.55663354,45.25636722
GRUGLIASCO,7.57780057,45.06211095
INGRIA,7.57086278,45.46629106
INVERSO PINASCA,7.21596397,44.94722972
ISOLABELLA,7.90926775,44.90664468
ISSIGLIO,7.75416284,45.44680942
IVREA,7.87596694,45.46618879
LA CASSA,7.51913001,45.18182357
LA LOGGIA,7.66770716,44.95667810
LANZO TORINESE,7.47661560,45.27231992
LAURIANO,7.99166951,45.15845502
LEINI,7.71510758,45.18393696
LEMIE,7.29288179,45.22855660
LESSOLO,7.81421978,45.47615621
LEVONE,7.60590068,45.31810409
LOCANA,7.46126241,45.41699254
LOMBARDORE,7.73626699,45.23570752
LOMBRIASCO,7.63577870,44.84160233
LORANZE,7.81087110,45.44223125
LUGNACCO,7.78064470,45.44465477
LUSERNA SAN GIOVANNI,7.24579065,44.81432177
LUSERNETTA,7.25023582,44.80236620
LUSIGLIE,7.76646663,45.31856534
MACELLO,7.40079259,44.85117887
MAGLIONE,8.01174454,45.34770337
MARENTINO,7.87332971,45.05800482
MASSELLO,7.05631276,44.95856162
MATHI,7.54132093,45.25664137
MATTIE,7.11215191,45.11870520
MAZZE,7.93700162,45.29853622
MEANA DI SUSA,7.06814068,45.12073332
MERCENASCO,7.88256683,45.35697859
MEUGLIANO,7.77896220,45.49006995
MEZZENILE,7.39502001,45.29240402
MOMBELLO DI TORINO,7.91954830,45.04640010
MOMPANTERO,7.05797330,45.13990657
MONASTERO DI LANZO,7.43913232,45.30142445
MONCALIERI,7.68524785,45.00092557
MONCENISIO,6.98356095,45.20528865
MONTALDO TORINESE,7.85089356,45.06636449
MONTALENGHE,7.83985641,45.33772294
MONTALTO DORA,7.86379472,45.49362402
MONTANARO,7.85282569,45.23289425
MONTEU DA PO,8.01478453,45.15054215
MORIONDO TORINESE,7.94405562,45.03906243
NICHELINO,7.64737268,44.99519052
NOASCA,7.31354369,45.45305086
NOLE,7.57012122,45.24523673
NOMAGLIO,7.85971537,45.53518242
NONE,7.54123958,44.93231301
NOVALESA,7.01466579,45.18763602
OGLIANICO,7.69274392,45.34256696
ORBASSANO,7.53695676,45.00703303
ORIO CANAVESE,7.86029968,45.32848958
OSASCO,7.34316619,44.84947467
OSASIO,7.60752807,44.86946279
OULX,6.83221872,45.03127204
OZEGNA,7.74313424,45.34901489
PALAZZO CANAVESE,7.97804950,45.45747804
PANCALIERI,7.58816166,44.83047398
PARELLA,7.79102750,45.42998528
PAVAROLO,7.83475798,45.06892615
PAVONE CANAVESE,7.85397607,45.43526120
PECCO,7.77647961,45.45206809
PECETTO TORINESE,7.74869987,45.01955866
PEROSA ARGENTINA,7.19237022,44.95809915
PEROSA CANAVESE,7.82925599,45.39715691
PERRERO,7.11526705,44.93745704
PERTUSIO,7.63872415,45.35339905
PESSINETTO,7.40284722,45.29054324
PIANEZZA,7.54635756,45.10062332
PINASCA,7.22767284,44.94266195
PINEROLO,7.33200099,44.88733486
PINO TORINESE,7.77216514,45.04352010
PIOBESI TORINESE,7.61193106,44.93305708
PIOSSASCO,7.46275512,44.99070006
PISCINA,7.42589738,44.91946420
PIVERONE,8.00710274,45.44754377
POIRINO,7.84361932,44.92119885
POMARETTO,7.18220303,44.95506624
PONT-CANAVESE,7.59357096,45.42072843
PORTE,7.26798510,44.88756523
PRAGELATO,6.94229337,45.01627560
PRALI,7.04904363,44.89040764
PRALORMO,7.90066311,44.86135787
PRAMOLLO,7.21169848,44.90458825
PRAROSTINO,7.26972140,44.86584045
PRASCORSANO,7.61570863,45.36765655
PRATIGLIONE,7.59609066,45.35364806
QUAGLIUZZO,7.78183655,45.42649496
QUASSOLO,7.83247599,45.52493469
QUINCINETTO,7.80576899,45.56081088
REANO,7.42955396,45.05170702
RIBORDONE,7.50241918,45.43160898
RIVALBA,7.88704470,45.11880638
RIVALTA DI TORINO,7.52329257,45.03454517
RIVA PRESSO CHIERI,7.86919927,44.98628102
RIVARA,7.62506151,45.33231529
RIVAROLO CANAVESE,7.72522130,45.33279488
RIVAROSSA,7.71719961,45.25127899
RIVOLI,7.53394487,45.07062854
ROBASSOMERO,7.57015928,45.20008262
ROCCA CANAVESE,7.57853704,45.30940721
ROLETTO,7.33066832,44.92524919
ROMANO CANAVESE,7.86790447,45.39134325
RONCO CANAVESE,7.54567243,45.49942910
RONDISSONE,7.96581632,45.24678796
RORA,7.19849234,44.79230499
ROURE,7.12908516,45.00108393
ROSTA,7.46396720,45.07142005
RUBIANA,7.38239842,45.13920427
RUEGLIO,7.75582201,45.46784892
SALASSA,7.68939186,45.35955646
SALBERTRAND,6.88368812,45.07237164
SALERANO CANAVESE,7.84990248,45.45644258
SALZA DI PINEROLO,7.05324489,44.94054394
SAMONE,7.84564332,45.44928553
SAN BENIGNO CANAVESE,7.78265511,45.22396157
SAN CARLO CANAVESE,7.61016157,45.24815307
SAN COLOMBANO BELMONTE,7.61845112,45.38143971
SAN DIDERO,7.21515502,45.13516257
SAN FRANCESCO AL CAMPO,7.65566462,45.22553762
SANGANO,7.45053852,45.02623590
SAN GERMANO CHISONE,7.24085653,44.89871585
SAN GILLIO,7.53383254,45.14205994
SAN GIORGIO CANAVESE,7.79425943,45.33544394
SAN GIORIO DI SUSA,7.17753154,45.12841513
SAN GIUSTO CANAVESE,7.80833346,45.31221415
SAN MARTINO CANAVESE,7.81836251,45.39459427
SAN MAURIZIO CANAVESE,7.63075305,45.21911823
SAN MAURO TORINESE,7.76632833,45.10309541
SAN PIETRO VAL LEMINA,7.31355518,44.90732828
SAN PONSO,7.66751665,45.35081649
SAN RAFFAELE CIMENA,7.84869672,45.14722500
SAN SEBASTIANO DA PO,7.95346930,45.16644198
SAN SECONDO DI PINEROLO,7.29864772,44.86656606
SANT'AMBROGIO DI TORINO,7.35931306,45.09968774
SANT'ANTONINO DI SUSA,7.27350974,45.10708303
SANTENA,7.77316006,44.94968716
SAUZE DI CESANA,6.86049707,44.94044645
SAUZE D'OULX,6.85824935,45.02808681
SCALENGHE,7.49796536,44.88830917
SCARMAGNO,7.84071060,45.38582635
SCIOLZE,7.87766236,45.09503651
SESTRIERE,6.87655108,44.95764886
SETTIMO ROTTARO,7.99223087,45.40489983
SETTIMO TORINESE,7.77124007,45.13698893
SETTIMO VITTONE,7.83172100,45.54810664
SPARONE,7.54421421,45.41330062
STRAMBINELLO,7.76866207,45.42324307
STRAMBINO,7.88062828,45.38458718
SUSA,7.04641962,45.13525075
TAVAGNASCO,7.82261044,45.54322012
TORINO,7.68068748,45.07327450
TORRAZZA PIEMONTE,7.97490120,45.21520992
TORRE CANAVESE,7.76053919,45.39182464
TORRE PELLICE,7.22397861,44.82074148
TRANA,7.41730319,45.03709504
TRAUSELLA,7.76450377,45.49022243
TRAVERSELLA,7.75041006,45.50940960
TRAVES,7.42974781,45.27057879
TROFARELLO,7.74030330,44.98596444
USSEAUX,7.02687343,45.04849799
USSEGLIO,7.21722031,45.23272497
VAIE,7.28663072,45.10189314
VAL DELLA TORRE,7.44941143,45.15556488
VALGIOIE,7.33963962,45.07600826
VALLO TORINESE,7.49928924,45.22350106
VALPERGA,7.65678710,45.37027102
VALPRATO SOANA,7.54896650,45.52237380
VARISELLA,7.48902531,45.20984085
VAUDA CANAVESE,7.61820790,45.27924268
VENAUS,7.01194778,45.15470177
VENARIA REALE,7.63149732,45.13253740
VEROLENGO,7.96715786,45.18904937
VERRUA SAVOIA,8.09314758,45.15655009
VESTIGNE,7.95387863,45.38670164
VIALFRE,7.81817187,45.38083894
VICO CANAVESE,7.77942268,45.49432405
VIDRACCO,7.75901516,45.43045472
VIGONE,7.49452417,44.84235593
VILLAFRANCA PIEMONTE,7.50450846,44.78128218
VILLANOVA CANAVESE,7.55354045,45.24293558
VILLARBASSE,7.46800102,45.04487159
VILLAR DORA,7.38382219,45.11783797
VILLAREGGIA,7.97850007,45.31101176
VILLAR FOCCHIARDO,7.22668959,45.10971506
VILLAR PELLICE,7.15827939,44.80859193
VILLAR PEROSA,7.24926893,44.92019309
VILLASTELLONE,7.74535320,44.92155495
VINOVO,7.63424154,44.94878443
VIRLE PIEMONTE,7.56889069,44.86594197
VISCHE,7.95138039,45.33156931
VISTRORIO,7.76941978,45.44109707
VIU,7.37646792,45.23894208
VOLPIANO,7.77555033,45.20189898
VOLVERA,7.51230483,44.95502486
MAPPANO,7.7070,45.1475
ALAGNA VALSESIA,7.93812982,45.85332586
ALBANO VERCELLESE,8.38058282,45.42511503
ALICE CASTELLO,8.07469466,45.36652862
ARBORIO,8.38898545,45.49608576
ASIGLIANO VERCELLESE,8.40619426,45.26117617
BALMUCCIA,8.13825637,45.81834722
BALOCCO,8.28103358,45.45553463
BIANZE,8.12006412,45.30737818
BOCCIOLETO,8.11329092,45.82998665
BORGO D'ALE,8.05372704,45.34991763
BORGOSESIA,8.27641052,45.71672956
BORGO VERCELLI,8.46637050,45.35715818
BREIA,8.30720564,45.76411748
BURONZO,8.26833442,45.48211892
CAMPERTOGNO,8.03216717,45.79867325
CARCOFORO,8.04890161,45.90888987
CARESANA,8.50648564,45.22108416
CARESANABLOT,8.38877273,45.35735225
CARISIO,8.19858607,45.40846100
CASANOVA ELVO,8.29330690,45.39952964
SAN GIACOMO VERCELLESE,8.32534514,45.49741181
CELLIO,8.31309615,45.75546715
CERVATTO,8.16235419,45.88308084
CIGLIANO,8.02148900,45.30955700
CIVIASCO,8.29278728,45.80668518
COLLOBIANO,8.34853582,45.39712515
COSTANZANA,8.37006540,45.23619745
CRAVAGLIANA,8.20112963,45.84734738
CRESCENTINO,8.10258275,45.19232707
CROVA,8.21192995,45.33003762
DESANA,8.35745053,45.26873384
FOBELLO,8.15891887,45.88955756
FONTANETTO PO,8.19171653,45.19339547
FORMIGLIANA,8.29291060,45.42877725
GATTINARA,8.37128081,45.61734452
GHISLARENGO,8.38432306,45.52931694
GREGGIO,8.38247553,45.45180309
GUARDABOSONE,8.25032253,45.70093910
LAMPORO,8.09755020,45.23008153
LENTA,8.38444808,45.55556369
LIGNANA,8.34604641,45.28529590
LIVORNO FERRARIS,8.08199764,45.28165932
LOZZOLO,8.32207950,45.62258776
MOLLIA,8.03096665,45.81528283
MONCRIVELLO,7.99586116,45.33122991
MOTTA DE' CONTI,8.52077102,45.19150237
OLCENENGO,8.31138984,45.36359420
OLDENICO,8.38272080,45.40235336
PALAZZOLO VERCELLESE,8.23282434,45.18450002
PERTENGO,8.41762904,45.23562007
PEZZANA,8.48420194,45.26206373
PILA,8.08081524,45.77024834
PIODE,8.05308685,45.76976604
POSTUA,8.23149631,45.71418815
PRAROLO,8.47934379,45.28222769
QUARONA,8.26542166,45.75985229
QUINTO VERCELLESE,8.36218487,45.38047939
RASSA,8.01419350,45.76862660
RIMA SAN GIUSEPPE,8.02339104,45.86531097
RIMASCO,8.06299590,45.85848339
RIMELLA,8.18259236,45.90794146
RIVA VALDOBBIA,7.95382909,45.83327671
RIVE,8.41831930,45.21256687
ROASIO,8.28892846,45.60862395
RONSECCO,8.27777195,45.25350322
ROSSA,8.12564508,45.83354703
ROVASENDA,8.31361503,45.53679031
SABBIA,8.23633112,45.85685912
SALASCO,8.26378089,45.32528875
SALI VERCELLESE,8.32968249,45.30933121
SALUGGIA,8.01113811,45.23583395
SAN GERMANO VERCELLESE,8.25094964,45.35018300
SANTHIA,8.17435014,45.36692200
SCOPA,8.11316044,45.79171337
SCOPELLO,8.09484168,45.77367325
SERRAVALLE SESIA,8.31147526,45.68614932
STROPPIANA,8.45347729,45.23139550
TRICERRO,8.32514946,45.23379809
TRINO,8.29690047,45.19420619
TRONZANO VERCELLESE,8.17469273,45.34279040
VALDUGGIA,8.32785665,45.72638859
VARALLO,8.25621194,45.81403992
VERCELLI,8.42323431,45.32398135
VILLARBOIT,8.33686901,45.43665326
VILLATA,8.43260279,45.38561063
VOCCA,8.18753037,45.83098292
AGRATE CONTURBIA,8.55992667,45.67598127
AMENO,8.43942761,45.78878319
ARMENO,8.43917903,45.82196603
ARONA,8.55948977,45.76039239
BARENGO,8.51201322,45.57477500
BELLINZAGO NOVARESE,8.63973111,45.57030363
BIANDRATE,8.46370551,45.45378226
BOCA,8.40870545,45.67828729
BOGOGNO,8.53449913,45.66716613
BOLZANO NOVARESE,8.44415269,45.76282586
BORGOLAVEZZARO,8.69926765,45.31838337
BORGOMANERO,8.46298661,45.69887430
BORGO TICINO,8.60392229,45.68806799
BRIGA NOVARESE,8.45159151,45.73138349
BRIONA,8.47981940,45.54219977
CALTIGNAGA,8.58791485,45.51708606
CAMERI,8.66224358,45.50102461
CARPIGNANO SESIA,8.41834081,45.53530620
CASALBELTRAME,8.46837851,45.43623977
CASALEGGIO NOVARA,8.49266595,45.48630378
CASALINO,8.52273520,45.35768141
CASALVOLONE,8.46436466,45.39945860
CASTELLAZZO NOVARESE,8.48870753,45.51399290
CASTELLETTO SOPRA TICINO,8.64237321,45.71405023
CAVAGLIETTO,8.50091213,45.60280053
CAVAGLIO D'AGOGNA,8.48278611,45.61181220
CAVALLIRIO,8.39673650,45.66496084
CERANO,8.78085515,45.41067427
COLAZZA,8.49908518,45.79262548
COMIGNAGO,8.56512314,45.71523940
CRESSA,8.50748369,45.64799409
CUREGGIO,8.46136101,45.67513019
DIVIGNANO,8.60149532,45.66227913
DORMELLETTO,8.57318421,45.73016147
FARA NOVARESE,8.45911220,45.55511789
FONTANETO D'AGOGNA,8.48458276,45.63985923
GALLIATE,8.69527266,45.47769535
GARBAGNA NOVARESE,8.65967960,45.38665075
GARGALLO,8.42921545,45.72750435
GATTICO,8.52053275,45.70906459
GHEMME,8.42009104,45.59781069
GOZZANO,8.43465086,45.74755669
GRANOZZO CON MONTICELLO,8.57413671,45.36014053
GRIGNASCO,8.33970898,45.68190215
INVORIO,8.48673976,45.75590621
LANDIONA,8.42216872,45.49690699
LESA,8.56484439,45.83011076
MAGGIORA,8.42099488,45.69075412
MANDELLO VITTA,8.45918595,45.49523236
MARANO TICINO,8.63193647,45.62982409
MASSINO VISCONTI,8.53880817,45.82190383
MEINA,8.53760183,45.79003479
MEZZOMERICO,8.60462006,45.62028414
MIASINO,8.43036112,45.80218966
MOMO,8.55537053,45.57391222
NEBBIUNO,8.52423877,45.80607594
NIBBIOLA,8.65635253,45.37178540
NOVARA,8.62191588,45.44588506
OLEGGIO,8.63736389,45.59668789
OLEGGIO CASTELLO,8.52971174,45.74931605
ORTA SAN GIULIO,8.40568474,45.79916255
PARUZZARO,8.51345761,45.74868723
PELLA,8.38311698,45.79707067
PETTENASCO,8.40857519,45.81732142
PISANO,8.51043727,45.79354856
POGNO,8.38307485,45.75667233
POMBIA,8.63238880,45.64926665
PRATO SESIA,8.37377395,45.64787501
RECETTO,8.43608827,45.46080638
ROMAGNANO SESIA,8.38287620,45.63335002
ROMENTINO,8.72085352,45.46260428
SAN MAURIZIO D'OPAGLIO,8.39095810,45.77247196
SAN NAZZARO SESIA,8.42356660,45.43813129
SAN PIETRO MOSEZZO,8.54347212,45.45561012
SILLAVENGO,8.44052712,45.52045483
SIZZANO,8.43733340,45.57734631
SORISO,8.40936492,45.74226936
SOZZAGO,8.72097747,45.39781780
SUNO,8.54092449,45.63114506
TERDOBBIATE,8.69509702,45.37635291
TORNACO,8.71790663,45.35736427
TRECATE,8.73505551,45.43190444
VAPRIO D'AGOGNA,8.55405064,45.60353491
VARALLO POMBIA,8.63305280,45.66670204
VERUNO,8.53051508,45.69094068
VESPOLATE,8.66903813,45.34947293
VICOLUNGO,8.46131719,45.47882953
VINZAGLIO,8.51840535,45.32365543
ACCEGLIO,6.99122231,44.47580767
AISONE,7.22083358,44.31344859
ALBA,8.03569894,44.70092208
ALBARETTO DELLA TORRE,8.06408216,44.59591514
ALTO,8.00368552,44.10828374
ARGENTERA,6.96937784,44.37958880
ARGUELLO,8.11067964,44.58292710
BAGNASCO,8.04258299,44.30207165
BAGNOLO PIEMONTE,7.31548217,44.75990270
BALDISSERO D'ALBA,7.91574918,44.75871300
BARBARESCO,8.08046453,44.72554836
BARGE,7.32339364,44.72522006
BAROLO,7.94180811,44.60988256
BASTIA MONDOVI,7.89332172,44.44138607
BATTIFOLLO,8.00948124,44.31917111
BEINETTE,7.64570648,44.36566802
BELLINO,7.01716043,44.58060554
BELVEDERE LANGHE,7.97416757,44.49456526
BENE VAGIENNA,7.83282512,44.54523956
BENEVELLO,8.10591872,44.62818908
BERGOLO,8.18352587,44.54801177
BERNEZZO,7.43531003,44.38860537
BONVICINO,8.01592005,44.50362005
BORGOMALE,8.13275549,44.62044163
BORGO SAN DALMAZZO,7.48746357,44.32875997
BOSIA,8.14620308,44.60246692
BOSSOLASCO,8.05750263,44.52679083
BOVES,7.55199457,44.32981994
BRA,7.85474763,44.69818228
BRIAGLIA,7.87698925,44.39511761
BRIGA ALTA,7.75076032,44.08321974
BRONDELLO,7.40513697,44.60005668
BROSSASCO,7.36044207,44.57029687
BUSCA,7.47352127,44.51369697
CAMERANA,8.14079853,44.42266439
CAMO,8.19352184,44.69488958
CANALE,7.99140953,44.79720739
CANOSIO,7.08139097,44.45532677
CAPRAUNA,7.95494044,44.11582328
CARAGLIO,7.42762073,44.41771618
CARAMAGNA PIEMONTE,7.74117579,44.78043462
CARDE,7.47821589,44.74417866
CARRU,7.88006416,44.47859161
CARTIGNANO,7.28769499,44.47708439
CASALGRASSO,7.62496057,44.81950243
CASTAGNITO,8.03015252,44.75647805
CASTELDELFINO,7.06903166,44.59097136
CASTELLAR,7.43636974,44.62157124
CASTELLETTO STURA,7.63905085,44.44422917
CASTELLETTO UZZONE,8.18598322,44.49257989
CASTELLINALDO D'ALBA,8.03153502,44.77533089
CASTELLINO TANARO,7.98188704,44.42777401
CASTELMAGNO,7.21232892,44.40916447
CASTELNUOVO DI CEVA,8.13019641,44.35330865
CASTIGLIONE FALLETTO,7.97903465,44.62333766
CASTIGLIONE TINELLA,8.18943117,44.72604642
CASTINO,8.18121378,44.61699553
CAVALLERLEONE,7.66273569,44.73944316
CAVALLERMAGGIORE,7.68774788,44.70785741
CELLE DI MACRA,7.17967333,44.48257098
CENTALLO,7.59014854,44.50412404
CERESOLE ALBA,7.82056601,44.79952425
CERRETTO LANGHE,8.09783957,44.57433971
CERVASCA,7.46788805,44.38316033
CERVERE,7.79316738,44.63475191
CEVA,8.03521716,44.38623533
CHERASCO,7.85820345,44.65222548
CHIUSA DI PESIO,7.67788414,44.32477035
CIGLIE,7.92622597,44.43506854
CISSONE,8.03050943,44.56310368
CLAVESANA,7.91198215,44.48214720
CORNELIANO D'ALBA,7.96129163,44.73553903
CORTEMILIA,8.19186669,44.58086160
COSSANO BELBO,8.19855921,44.66906362
COSTIGLIOLE SALUZZO,7.48493751,44.56461241
CRAVANZANA,8.12818957,44.57315552
CRISSOLO,7.15718954,44.69910296
CUNEO,7.55117163,44.39329624
DEMONTE,7.29751308,44.31526154
DIANO D'ALBA,8.02766887,44.65139204
DOGLIANI,7.94516725,44.53009052
DRONERO,7.36331795,44.46697823
ELVA,7.08963389,44.53976498
ENTRACQUE,7.39780279,44.24075683
ENVIE,7.37219219,44.68175309
FARIGLIANO,7.91702082,44.51169894
FAULE,7.58066365,44.80542638
FEISOGLIO,8.10417587,44.54335973
FOSSANO,7.72487008,44.54939800
FRABOSA SOPRANA,7.80709202,44.28747375
FRABOSA SOTTANA,7.79831038,44.30202535
FRASSINO,7.27564416,44.57135700
GAIOLA,7.40676156,44.33524752
GAMBASCA,7.34741432,44.62937358
GARESSIO,8.02988403,44.19729282
GENOLA,7.66272590,44.58769184
GORZEGNO,8.13511748,44.51186000
GOTTASECCA,8.16725259,44.46169553
GOVONE,8.09995734,44.80485973
GRINZANE CAVOUR,7.98221368,44.65653790
GUARENE,8.03367466,44.73780446
IGLIANO,8.01250347,44.44353291
ISASCA,7.38154761,44.58729447
LAGNASCO,7.55533712,44.62466066
LA MORRA,7.93346395,44.63734577
LEQUIO BERRIA,8.09767172,44.60460498
LEQUIO TANARO,7.88359880,44.56023249
LESEGNO,7.96650568,44.40123357
LEVICE,8.15661951,44.53765937
LIMONE PIEMONTE,7.57607947,44.20129244
LISIO,7.97963402,44.30669736
MACRA,7.17920368,44.49985871
MAGLIANO ALFIERI,8.06781101,44.76646823
MAGLIANO ALPI,7.79955227,44.45810047
MANGO,8.15033106,44.68461474
MANTA,7.48626156,44.61433199
MARENE,7.72915160,44.66149658
MARGARITA,7.68685767,44.40264638
MARMORA,7.09449830,44.45749490
MARSAGLIA,7.98298599,44.45218424
MARTINIANA PO,7.36631509,44.62641683
MELLE,7.32058248,44.56205512
MOIOLA,7.38887176,44.31969065
MOMBARCARO,8.08509313,44.46776296
MOMBASIGLIO,7.96999618,44.36331302
MONASTERO DI VASCO,7.82276111,44.34017655
MONASTEROLO CASOTTO,7.94113913,44.33083516
MONASTEROLO DI SAVIGLIANO,7.62076965,44.68633537
MONCHIERO,7.91814013,44.57304646
MONDOVI,7.81980578,44.38717713
MONESIGLIO,8.11637954,44.46489547
MONFORTE D'ALBA,7.96840862,44.58233541
MONTA,7.96001468,44.81309155
MONTALDO DI MONDOVI,7.86584020,44.31946922
MONTALDO ROERO,7.92446567,44.76856722
MONTANERA,7.66557341,44.46197795
MONTELUPO ALBESE,8.04638473,44.62306820
MONTEMALE DI CUNEO,7.37281405,44.43769447
MONTEROSSO GRANA,7.32391931,44.40888820
MONTEU ROERO,7.93086916,44.78023621
MONTEZEMOLO,8.14146684,44.37823953
MONTICELLO D'ALBA,7.94100869,44.71829049
MORETTA,7.53692411,44.76390518
MOROZZO,7.71044647,44.42304028
MURAZZANO,8.01884708,44.47375439
MURELLO,7.60094237,44.75295967
NARZOLE,7.87051966,44.59415651
NEIVE,8.11549922,44.72631566
NEVIGLIE,8.11597640,44.69212361
NIELLA BELBO,8.07912058,44.51329019
NIELLA TANARO,7.92135837,44.41482647
NOVELLO,7.92765526,44.58715702
NUCETTO,8.05891552,44.33940152
ONCINO,7.19025436,44.67649775
ORMEA,7.91069055,44.14859437
OSTANA,7.18848199,44.69221770
PAESANA,7.27655778,44.68544648
PAGNO,7.42993582,44.61374464
PAMPARATO,7.91385092,44.27712579
PAROLDO,8.07131848,44.43167462
PERLETTO,8.21407920,44.59899650
PERLO,8.08360656,44.33309061
PEVERAGNO,7.61713926,44.33001233
PEZZOLO VALLE UZZONE,8.19411000,44.53927650
PIANFEI,7.70975813,44.37049040
PIASCO,7.45740743,44.56855814
PIETRAPORZIO,7.03194297,44.34401168
PIOBESI D'ALBA,7.97851256,44.73490945
PIOZZO,7.89242201,44.51576260
POCAPAGLIA,7.88718583,44.71945971
POLONGHERA,7.59607299,44.80335136
PONTECHIANALE,7.02831148,44.62198999
PRADLEVES,7.28208627,44.41859801
PRAZZO,7.05543047,44.48307586
PRIERO,8.09241941,44.37661760
PRIOCCA,8.06272749,44.79130724
PRIOLA,8.02242382,44.24597670
PRUNETTO,8.14431165,44.48944911
RACCONIGI,7.67598165,44.76782338
REVELLO,7.38900592,44.65466177
RIFREDDO,7.34909777,44.65049802
RITTANA,7.40063509,44.35057088
ROASCHIA,7.45613996,44.27013254
ROASCIO,8.02254642,44.41716489
ROBILANTE,7.51116274,44.29422968
ROBURENT,7.89020684,44.30499560
ROCCABRUNA,7.34074709,44.47629522
ROCCA CIGLIE,7.95114507,44.44409132
ROCCA DE BALDI,7.74569773,44.43017736
ROCCA DE' BALDI,7.74569773,44.43017736
ROCCA DEI BALDI,7.74569773,44.43017736
ROCCAFORTE MONDOVI,7.74587877,44.31842604
ROCCASPARVERA,7.44134173,44.34165607
ROCCAVIONE,7.48125617,44.31440994
ROCCHETTA BELBO,8.17527183,44.63713321
RODDI,7.97610755,44.67845326
RODDINO,8.01873571,44.57410827
RODELLO,8.05931571,44.63061299
ROSSANA,7.43260669,44.54249985
RUFFIA,7.60244401,44.70724824
SALE DELLE LANGHE,8.08345546,44.39706458
SALE SAN GIOVANNI,8.07860651,44.39938022
SALICETO,8.16679127,44.41327854
SALMOUR,7.79212298,44.57815425
SALUZZO,7.49084739,44.64702298
SAMBUCO,7.07781003,44.33734246
SAMPEYRE,7.18887350,44.57938316
SAN BENEDETTO BELBO,8.05785091,44.48989293
SAN DAMIANO MACRA,7.25630891,44.48841462
SANFRE,7.80354961,44.75219136
SANFRONT,7.32024792,44.64583812
SAN MICHELE MONDOVI,7.90824846,44.37652817
SANT'ALBANO STURA,7.72105290,44.50992775
SANTA VITTORIA D'ALBA,7.93315556,44.69653100
SANTO STEFANO BELBO,8.23101616,44.70749115
SANTO STEFANO ROERO,7.93990949,44.78881971
SAVIGLIANO,7.65747908,44.64801868
SCAGNELLO,7.98679354,44.33230692
SCARNAFIGI,7.56692665,44.68175572
SERRALUNGA D'ALBA,8.00061326,44.60922192
SERRAVALLE LANGHE,8.05766192,44.56091813
SINIO,8.02156085,44.59948317
SOMANO,8.01140208,44.53589341
SOMMARIVA DEL BOSCO,7.78426580,44.77128582
SOMMARIVA PERNO,7.90557574,44.74319256
STROPPO,7.12591238,44.50564217
TARANTASCA,7.54506036,44.49341620
TORRE BORMIDA,8.15561060,44.56310269
TORRE MONDOVI,7.90035121,44.35204035
TORRE SAN GIORGIO,7.52994094,44.73582111
TORRESINA,8.03476395,44.43220895
TREISO,8.08684916,44.68937390
TREZZO TINELLA,8.10758330,44.67695385
TRINITA,7.75803560,44.50746901
VALDIERI,7.39613571,44.27764211
VALGRANA,7.38061464,44.40960891
VALLORIATE,7.37456517,44.33814875
VALMALA,7.34621408,44.54428912
VENASCA,7.39495176,44.56254284
VERDUNO,7.93376689,44.66812061
VERNANTE,7.53370331,44.24556459
VERZUOLO,7.48312762,44.59955425
VEZZA D'ALBA,7.99609095,44.76390017
VICOFORTE,7.86498818,44.37495568
VIGNOLO,7.46989353,44.35955809
VILLAFALLETTO,7.53889467,44.54428113
VILLANOVA MONDOVI,7.76209311,44.34445968
VILLANOVA SOLARO,7.57603223,44.72963767
VILLAR SAN COSTANZO,7.38029785,44.48300637
VINADIO,7.17433860,44.30709073
VIOLA,7.96623533,44.29047791
VOTTIGNASCO,7.57821349,44.56481499
AGLIANO TERME,8.25110248,44.79070477
ALBUGNANO,7.97152830,45.07801783
ANTIGNANO,8.13378727,44.84544206
ARAMENGO,8.00198071,45.09973309
ASTI,8.20414255,44.89912921
AZZANO D'ASTI,8.26765893,44.87469786
BALDICHIERI D'ASTI,8.09110376,44.90699703
BELVEGLIO,8.33010424,44.83048705
BERZANO DI SAN PIETRO,7.95404954,45.09490798
BRUNO,8.44027285,44.79063282
BUBBIO,8.29360889,44.66384285
BUTTIGLIERA D'ASTI,7.95051282,45.02254621
CALAMANDRANA,8.33562741,44.73654927
CALLIANO,8.25732636,45.00626143
CALOSSO,8.22718552,44.73947663
CAMERANO CASASCO,8.09088049,44.98865953
CANELLI,8.28820301,44.71987867
CANTARANA,8.03072454,44.90038386
CAPRIGLIO,8.00816420,45.00422942
CASORZO,8.33413974,45.02281734
CASSINASCO,8.30166091,44.68863849
CASTAGNOLE DELLE LANZE,8.14917820,44.75491789
CASTAGNOLE MONFERRATO,8.30609193,44.96144381
CASTEL BOGLIONE,8.38119567,44.72061965
CASTELL'ALFERO,8.20944516,44.98270999
CASTELLERO,8.07474856,44.92400563
CASTELLETTO MOLINA,8.43283445,44.75030841
CASTELLO DI ANNONE,8.31368944,44.87876512
CASTELNUOVO BELBO,8.41226127,44.80181402
CASTELNUOVO CALCEA,8.28563618,44.78821506
CASTELNUOVO DON BOSCO,7.96362449,45.04134189
CASTEL ROCCHERO,8.41596578,44.71879737
CELLARENGO,7.94500108,44.86599664
CELLE ENOMONDO,8.12297302,44.85663333
CERRETO D'ASTI,8.03676471,45.04976869
CERRO TANARO,8.36020871,44.87267038
CESSOLE,8.24320136,44.64799259
CHIUSANO D'ASTI,8.11780752,44.98505458
CINAGLIO,8.10016648,44.97484379
CISTERNA D'ASTI,8.00482090,44.82617595
COAZZOLO,8.14514109,44.72821487
COCCONATO,8.03923935,45.08718184
CORSIONE,8.14513636,45.00074703
CORTANDONE,8.05757115,44.95969083
CORTANZE,8.08959339,45.01522505
CORTAZZONE,8.06192379,44.97953515
CORTIGLIONE,8.35856506,44.82301876
COSSOMBRATO,8.13752723,44.99412244
COSTIGLIOLE D'ASTI,8.18062795,44.78822155
CUNICO,8.09721152,45.04043582
DUSINO SAN MICHELE,7.97228137,44.92018688
FERRERE,7.99385509,44.87340426
FONTANILE,8.42218563,44.75337907
FRINCO,8.17536565,45.00558693
GRANA,8.29912278,44.99805155
GRAZZANO BADOGLIO,8.31355703,45.03891548
INCISA SCAPACCINO,8.38094573,44.80839835
ISOLA D'ASTI,8.17721468,44.82947547
LOAZZOLO,8.25852546,44.66896792
MARANZANA,8.47682029,44.75977053
MARETTO,8.03423581,44.94435642
MOASCA,8.27793953,44.76255023
MOMBALDONE,8.32920396,44.56923733
MOMBARUZZO,8.44866667,44.77102638
MOMBERCELLI,8.29442730,44.81697574
MONALE,8.07164087,44.93609673
MONASTERO BORMIDA,8.32462019,44.64752301
MONCALVO,8.26346587,45.05139958
MONCUCCO TORINESE,7.93215605,45.06788298
MONGARDINO,8.21869885,44.84884344
MONTABONE,8.39030985,44.69860169
MONTAFIA,8.02515243,44.98919545
MONTALDO SCARAMPI,8.25739020,44.82860036
MONTECHIARO D'ASTI,8.11238215,45.00821528
MONTEGROSSO D'ASTI,8.23874286,44.82241214
MONTEMAGNO,8.32400690,44.98403470
MORANSENGO,8.02486752,45.11523742
NIZZA MONFERRATO,8.35650287,44.77361901
OLMO GENTILE,8.24703487,44.58555786
PASSERANO MARMORITO,8.01879254,45.05639415
PENANGO,8.25013241,45.03325898
PIEA,8.07208963,45.02529094
PINO D'ASTI,7.98625503,45.05819329
PIOVA MASSAIA,8.05094462,45.05448578
PORTACOMARO,8.25851231,44.95711305
QUARANTI,8.44907922,44.75104701
REFRANCORE,8.34271288,44.93757725
REVIGLIASCO D'ASTI,8.15836480,44.85873263
ROATTO,8.02661283,44.95150123
ROBELLA,8.10005600,45.10233231
ROCCA D'ARAZZO,8.28581546,44.87387745
ROCCAVERANO,8.27193131,44.59299081
ROCCHETTA PALAFEA,8.34572398,44.70695062
ROCCHETTA TANARO,8.34432710,44.85886821
SAN DAMIANO D'ASTI,8.06523095,44.83463979
SAN GIORGIO SCARAMPI,8.24202367,44.61132016
SAN MARTINO ALFIERI,8.10937091,44.81852007
SAN MARZANO OLIVETO,8.29616262,44.75322439
SAN PAOLO SOLBRITO,7.97278064,44.95226938
SCURZOLENGO,8.27826008,44.96570842
SEROLE,8.25972366,44.55375446
SESSAME,8.33782926,44.66894067
SETTIME,8.11289201,44.96408940
SOGLIO,8.07812480,44.99743108
TIGLIOLE,8.07546861,44.88727476
TONCO,8.18984201,45.02410808
TONENGO,8.00209647,45.11794499
VAGLIO SERRA,8.33893337,44.79653568
VALFENERA,7.96509857,44.89687406
VESIME,8.22822517,44.63719563
VIALE,8.05229051,44.99926995
VIARIGI,8.35869057,44.98045098
VIGLIANO D'ASTI,8.23189059,44.83510515
VILLAFRANCA D'ASTI,8.03221225,44.91367137
VILLANOVA D'ASTI,7.93722176,44.94188973
VILLA SAN SECONDO,8.13525532,45.00518407
VINCHIO,8.31730154,44.80740659
MONTIGLIO MONFERRATO,8.09773822,45.06741302
ACQUI TERME,8.46975213,44.67660776
ALBERA LIGURE,9.06842676,44.70091651
ALESSANDRIA,8.61540116,44.91297351
ALFIANO NATTA,8.20845976,45.04723245
ALICE BEL COLLE,8.45120062,44.72578802
ALLUVIONI CAMBIO,8.77257309,44.99538211
ALTAVILLA MONFERRATO,8.37571250,44.99289950
ALZANO SCRIVIA,8.88128698,45.01755597
ARQUATA SCRIVIA,8.88574473,44.68673968
AVOLASCA,8.96523824,44.80296911
BALZOLA,8.40254698,45.18319612
BASALUZZO,8.70593403,44.76829415
BASSIGNANA,8.73594306,45.00321277
BELFORTE MONFERRATO,8.66160356,44.62436936
BERGAMASCO,8.45521038,44.82710536
BERZANO DI TORTONA,8.95059588,44.87645689
BISTAGNO,8.36858665,44.66179377
BORGHETTO DI BORBERA,8.94535017,44.73105311
BORGORATTO ALESSANDRINO,8.53942061,44.83649029
BORGO SAN MARTINO,8.52362138,45.08909030
BOSCO MARENGO,8.67599099,44.82209118
BOSIO,8.79191248,44.64778929
BOZZOLE,8.60487718,45.06787600
BRIGNANO-FRASCATA,9.04079602,44.81195142
CABELLA LIGURE,9.09629270,44.67308273
CAMAGNA MONFERRATO,8.43033685,45.01784708
CAMINO,8.28704469,45.16220888
CANTALUPO LIGURE,9.04435913,44.71897373
CAPRIATA D'ORBA,8.68893776,44.72996604
CARBONARA SCRIVIA,8.87077531,44.84976758
CARENTINO,8.47046969,44.82887672
CAREZZANO,8.90000819,44.80675404
CARPENETO,8.60631572,44.67725550
CARREGA LIGURE,9.17561244,44.61907401
CARROSIO,8.83233109,44.65940501
CARTOSIO,8.41852913,44.59120157
CASAL CERMELLI,8.62242452,44.83570480
CASALEGGIO BOIRO,8.73168460,44.63430041
CASALE MONFERRATO,8.45260603,45.13502772
CASALNOCETO,8.98198552,44.91316314
CASASCO,9.00605114,44.82822593
CASSANO SPINOLA,8.86300797,44.76619504
CASSINE,8.52548300,44.74821538
CASSINELLE,8.56047456,44.60684663
CASTELLANIA,8.93045228,44.79884656
CASTELLAR GUIDOBONO,8.94673509,44.90626728
CASTELLAZZO BORMIDA,8.57711652,44.84547363
CASTELLETTO D'ERRO,8.39441096,44.62508569
CASTELLETTO D'ORBA,8.70225531,44.68556836
CASTELLETTO MERLI,8.24055620,45.07520084
CASTELLETTO MONFERRATO,8.56624165,44.97986948
CASTELNUOVO BORMIDA,8.54620340,44.74368801
CASTELNUOVO SCRIVIA,8.88163236,44.97942413
CASTELSPINA,8.58241540,44.80447097
CAVATORE,8.45241293,44.63096191
CELLA MONTE,8.39068715,45.07480127
CERESETO,8.31694083,45.08601084
CERRETO GRUE,8.93197656,44.84186342
CERRINA MONFERRATO,8.21524770,45.12019189
CONIOLO,8.37204723,45.14690814
CONZANO,8.45605851,45.02054219
COSTA VESCOVATO,8.92901622,44.81820576
CREMOLINO,8.58583986,44.63749767
CUCCARO MONFERRATO,8.45548032,44.99071371
DENICE,8.33401144,44.59866478
DERNICE,9.05007934,44.76760327
FABBRICA CURONE,9.15418217,44.75482545
FELIZZANO,8.43580291,44.89804289
FRACONALTO,8.87795991,44.59215730
FRANCAVILLA BISIO,8.73165894,44.73589007
FRASCARO,8.53265060,44.82711359
FRASSINELLO MONFERRATO,8.38660956,45.03150897
FRASSINETO PO,8.53610328,45.13401839
FRESONARA,8.68484071,44.78273653
FRUGAROLO,8.67906229,44.83898630
FUBINE MONFERRATO,8.42541266,44.96556464
GABIANO,8.19315039,45.15893956
GAMALERO,8.54305210,44.80892438
GARBAGNA,8.99903571,44.78094061
GAVAZZANA,8.88625438,44.77567686
GAVI,8.80360629,44.68829965
GIAROLE,8.56785699,45.06065480
GREMIASCO,9.10473865,44.79704719
GROGNARDO,8.49150662,44.62993500
GRONDONA,8.96254082,44.69719799
GUAZZORA,8.84491063,45.01359818
ISOLA SANT'ANTONIO,8.85040859,45.03087376
LERMA,8.71251661,44.63497457
LU,8.48397707,45.00183653
MALVICINO,8.41406649,44.55965891
MASIO,8.40801092,44.86939440
MELAZZO,8.42690281,44.64399212
MERANA,8.29752453,44.51779681
MIRABELLO MONFERRATO,8.52345012,45.03574687
MOLARE,8.60108309,44.62062138
MOLINO DEI TORTI,8.89203048,45.02354187
MOMBELLO MONFERRATO,8.25088371,45.13302907
MOMPERONE,9.03447924,44.83864164
MONCESTINO,8.15840028,45.15485139
MONGIARDINO LIGURE,9.06126316,44.63855849
MONLEALE,8.98436980,44.88507491
MONTACUTO,9.10687493,44.76675329
MONTALDEO,8.73068330,44.66653728
MONTALDO BORMIDA,8.58900574,44.68345546
MONTECASTELLO,8.68660651,44.94895015
MONTECHIARO D'ACQUI,8.37967335,44.59498476
MONTEGIOCO,8.95408341,44.83779799
MONTEMARZINO,8.99313137,44.84848618
MORANO SUL PO,8.36562081,45.16403878
MORBELLO,8.51001025,44.60347745
MORNESE,8.75619133,44.63908249
MORSASCO,8.54909592,44.66456561
MURISENGO,8.13746600,45.08344752
NOVI LIGURE,8.78709895,44.76018447
OCCIMIANO,8.50665552,45.06017802
ODALENGO GRANDE,8.16672164,45.10952242
ODALENGO PICCOLO,8.20951508,45.07192832
OLIVOLA,8.36696226,45.03769495
ORSARA BORMIDA,8.56243644,44.69008849
OTTIGLIO,8.33914672,45.05183484
OVADA,8.64638692,44.63746785
OVIGLIO,8.48672464,44.85980406
OZZANO MONFERRATO,8.37622616,45.10189355
PADERNA,8.89000207,44.82072604
PARETO,8.38286675,44.51574319
PARODI LIGURE,8.75861800,44.67082366
PASTURANA,8.74903841,44.75067788
PECETTO DI VALENZA,8.67046810,44.98971739
PIETRA MARAZZI,8.67055420,44.94414223
PIOVERA,8.73499960,44.95967234
POMARO MONFERRATO,8.59519185,45.06391823
PONTECURONE,8.93593783,44.95884144
PONTESTURA,8.33254095,45.14364169
PONTI,8.36523345,44.62741706
PONZANO MONFERRATO,8.26621831,45.08446050
PONZONE,8.45960731,44.58640594
POZZOL GROPPO,9.02931411,44.87745949
POZZOLO FORMIGARO,8.78154639,44.79386971
PRASCO,8.55285026,44.64241408
PREDOSA,8.65923977,44.75272978
QUARGNENTO,8.48770761,44.94484127
QUATTORDIO,8.40598711,44.89920749
RICALDONE,8.46963348,44.73208972
RIVALTA BORMIDA,8.55025847,44.71137561
RIVARONE,8.71569485,44.97765973
ROCCAFORTE LIGURE,9.02776944,44.67771211
ROCCA GRIMALDA,8.64728666,44.67110005
ROCCHETTA LIGURE,9.05002771,44.70654712
ROSIGNANO MONFERRATO,8.39905893,45.07984539
SALA MONFERRATO,8.35817633,45.07539836
SALE,8.80897055,44.98474756
SAN CRISTOFORO,8.74999574,44.69241358
SAN GIORGIO MONFERRATO,8.41485690,45.10778635
SAN SALVATORE MONFERRATO,8.56669038,44.99480511
SAN SEBASTIANO CURONE,9.06524327,44.78561153
SANT'AGATA FOSSILI,8.91893465,44.78591123
SARDIGLIANO,8.90767410,44.75429733
SAREZZANO,8.91536110,44.86755745
SERRALUNGA DI CREA,8.28186060,45.10074125
SERRAVALLE SCRIVIA,8.85899164,44.71947066
SEZZADIO,8.57272968,44.78558679
SILVANO D'ORBA,8.67101282,44.68557224
SOLERO,8.50770965,44.91976152
SOLONGHELLO,8.28183774,45.13095204
SPIGNO MONFERRATO,8.33530262,44.54303249
SPINETO SCRIVIA,8.87238248,44.83762769
STAZZANO,8.86739327,44.72725820
STREVI,8.52245997,44.69866281
TAGLIOLO MONFERRATO,8.66825224,44.63908436
TASSAROLO,8.76950107,44.72658554
TERRUGGIA,8.44217858,45.08305643
TERZO,8.42105351,44.66953696
TICINETO,8.55555016,45.09748798
TORTONA,8.86015893,44.89474291
TREVILLE,8.35975854,45.09714157
TRISOBBIO,8.58627568,44.66230296
VALENZA,8.64622619,45.01446704
VALMACCA,8.58233724,45.10046486
VIGNALE MONFERRATO,8.39653661,45.01093201
VIGNOLE BORBERA,8.89055880,44.70829074
VIGUZZOLO,8.92008036,44.90492247
VILLADEATI,8.16969885,45.07244218
VILLALVERNIA,8.85664062,44.81760550
VILLAMIROGLIO,8.16975728,45.13444627
VILLANOVA MONFERRATO,8.47846784,45.18178964
VILLAROMAGNANO,8.88713485,44.85109184
VISONE,8.50327751,44.66206230
VOLPEDO,8.98338300,44.88880456
VOLPEGLINO,8.95896398,44.89305041
VOLTAGGIO,8.84265701,44.62013284
ALLEIN,7.27247864,45.81299906
ANTEY-SAINT-ANDRE,7.59320879,45.80495538
AOSTA,7.32014937,45.73750285
ARNAD,7.72127572,45.64497675
ARVIER,7.16930437,45.70355949
AVISE,7.14132997,45.70870165
AYAS,7.68815712,45.81404412
AYMAVILLES,7.24054522,45.70136784
BARD,7.74663423,45.60795710
BIONAZ,7.42307118,45.87406789
BRISSOGNE,7.40457445,45.72718069
BRUSSON,7.73281238,45.75861830
CHALLAND-SAINT-ANSELME,7.73656482,45.71639945
CHALLAND-SAINT-VICTOR,7.70646173,45.68977437
CHAMBAVE,7.54994156,45.74433587
CHAMOIS,7.62028471,45.83835687
CHAMPDEPRAZ,7.65775453,45.68574043
CHAMPORCHER,7.62079406,45.62361260
CHARVENSOD,7.32540756,45.72043469
CHATILLON,7.61324866,45.74956660
COGNE,7.35589684,45.60810335
COURMAYEUR,6.97211063,45.79304937
DONNAS,7.76743948,45.60348451
DOUES,7.30664971,45.81924591
EMARESE,7.70044113,45.72469931
ETROUBLES,7.23295436,45.81970089
FENIS,7.49429922,45.73609933
FONTAINEMORE,7.86097348,45.64900060
GABY,7.88234959,45.71286294
GIGNOD,7.29617804,45.77825204
GRESSAN,7.28944079,45.72162078
GRESSONEY-LA-TRINITE,7.82308558,45.82724198
GRESSONEY-SAINT-JEAN,7.82758597,45.77699719
HONE,7.73573316,45.61185509
INTROD,7.18721781,45.69147016
ISSIME,7.85421598,45.68545132
ISSOGNE,7.68441737,45.65394996
JOVENCAN,7.27497757,45.71396310
LA MAGDELEINE,7.61909957,45.81079736
LA SALLE,7.07259636,45.74688856
LA THUILE,6.94907203,45.71683466
LILLIANES,7.84507084,45.63276575
MONTJOVET,7.67418740,45.70421567
MORGEX,7.03606923,45.75698191
NUS,7.46694170,45.73920602
OLLOMONT,7.31090328,45.84910177
OYACE,7.38250599,45.85069846
PERLOZ,7.80860292,45.61311380
POLLEIN,7.35717211,45.72804929
PONTBOSET,7.68765237,45.60643060
PONTEY,7.59134931,45.73789995
PONT-SAINT-MARTIN,7.79779800,45.59981254
PRE-SAINT-DIDIER,6.98635298,45.76376415
QUART,7.41560289,45.74067954
RHEMES-NOTRE-DAME,7.11852890,45.56970721
RHEMES-SAINT-GEORGES,7.15524759,45.65525593
ROISAN,7.31057909,45.78442330
SAINT-CHRISTOPHE,7.35781441,45.74833047
SAINT-DENIS,7.55719219,45.75217771
SAINT-MARCEL,7.44828666,45.73241560
SAINT-NICOLAS,7.16788714,45.71661750
SAINT-OYEN,7.21240783,45.82462227
SAINT-PIERRE,7.22628899,45.71043364
SAINT-RHEMY-EN-BOSSES,7.18206384,45.82305880
SAINT-VINCENT,7.64750229,45.75022016
SARRE,7.25764516,45.71794426
TORGNON,7.57120579,45.80147160
VALGRISENCHE,7.06475581,45.63033740
VALPELLINE,7.32855375,45.82642294
VALSAVARENCHE,7.20831202,45.59199131
VALTOURNENCHE,7.62270907,45.87708460
VERRAYES,7.53225413,45.76144401
VERRES,7.68994077,45.66872714
VILLENEUVE,7.20773981,45.70275195
AIROLE,7.55373372,43.87193229
APRICALE,7.66047436,43.88046591
AQUILA D'ARROSCIA,8.00538059,44.08368752
ARMO,7.91400884,44.08737513
AURIGO,7.92256375,43.98301362
BADALUCCO,7.84704751,43.91563657
BAJARDO,7.71823202,43.90350463
BORDIGHERA,7.67188845,43.77976186
BORGHETTO D'ARROSCIA,7.98182679,44.05746703
BORGOMARO,7.94489614,43.97560219
CAMPOROSSO,7.62833199,43.81518186
CARAVONICA,7.95887794,43.99234154
CARPASIO,7.86676773,43.95985266
CASTELLARO,7.86831607,43.86469941
CASTEL VITTORIO,7.67318527,43.92874403
CERIANA,7.77294636,43.88094776
CERVO,8.11439209,43.92533848
CESIO,7.97497180,44.00771437
CHIUSANICO,7.99164010,43.97324089
CHIUSAVECCHIA,7.98332700,43.96789160
CIPRESSA,7.93409540,43.85295315
CIVEZZA,7.95128441,43.87933711
COSIO D'ARROSCIA,7.83116754,44.07581718
COSTARAINERA,7.94124004,43.85453541
DIANO ARENTINO,8.04227440,43.94799843
DIANO CASTELLO,8.06665921,43.92417641
DIANO MARINA,8.08179249,43.91003445
DIANO SAN PIETRO,8.06878914,43.93115748
DOLCEACQUA,7.62346525,43.84811905
DOLCEDO,7.95177621,43.90694017
IMPERIA,8.02785030,43.88570648
ISOLABONA,7.63886282,43.87999064
LUCINASCO,7.96275211,43.96777563
MENDATICA,7.80555956,44.07637352
MOLINI DI TRIORA,7.77432953,43.99014112
MONTALTO LIGURE,7.84447343,43.92775131
MONTEGROSSO PIAN LATTE,7.81784428,44.06660991
OLIVETTA SAN MICHELE,7.51550262,43.87980841
OSPEDALETTI,7.71770138,43.80074234
PERINALDO,7.67423944,43.86619925
PIETRABRUNA,7.90347589,43.88997458
PIEVE DI TECO,7.91521507,44.04699787
PIGNA,7.66338032,43.93300970
POMPEIANA,7.88852820,43.85278181
PONTEDASSIO,8.01269410,43.94044493
PORNASSIO,7.87095357,44.07026852
PRELA,7.93699140,43.92622371
RANZO,8.01446794,44.05956136
REZZO,7.87215721,44.02031375
RIVA LIGURE,7.88171211,43.83752404
ROCCHETTA NERVINA,7.60029478,43.89017646
SAN BARTOLOMEO AL MARE,8.10216833,43.92851288
SAN BIAGIO DELLA CIMA,7.64984983,43.81878782
SAN LORENZO AL MARE,7.96388149,43.85360939
SANREMO,7.78463261,43.82100004
SANTO STEFANO AL MARE,7.89907803,43.83724835
SEBORGA,7.69416032,43.82588301
SOLDANO,7.65407956,43.82672282
TAGGIA,7.85052289,43.84362744
TERZORIO,7.89824760,43.85284036
TRIORA,7.76211239,43.99381326
VALLEBONA,7.66683606,43.81328065
VALLECROSIA,7.64378720,43.79318232
VASIA,7.95410759,43.93302326
VENTIMIGLIA,7.60863489,43.79003749
VESSALICO,7.96224656,44.04622744
VILLA FARALDI,8.09146690,43.96709172
ALASSIO,8.17296106,44.00803855
ALBENGA,8.21294718,44.04910721
ALBISSOLA MARINA,8.50318133,44.32724829
ALBISOLA SUPERIORE,8.51033951,44.33968692
ALTARE,8.34393140,44.33478282
ANDORA,8.14003459,43.95824758
ARNASCO,8.10696787,44.07799865
BALESTRINO,8.17458666,44.12489729
BARDINETO,8.12938875,44.19209639
BERGEGGI,8.44410089,44.24906108
BOISSANO,8.22123144,44.13424252
BORGHETTO SANTO SPIRITO,8.24198802,44.11538413
BORGIO VEREZZI,8.30456090,44.15987456
BORMIDA,8.23261121,44.27865707
CAIRO MONTENOTTE,8.27417261,44.39971795
CALICE LIGURE,8.29426933,44.20491797
CALIZZANO,8.11537146,44.23519600
CARCARE,8.29082811,44.35796680
CASANOVA LERRONE,8.04827694,44.03159416
CASTELBIANCO,8.07479916,44.11321558
CASTELVECCHIO DI ROCCA BARBENA,8.11550590,44.13038323
CELLE LIGURE,8.54522349,44.34206161
CENGIO,8.20840962,44.38756350
CERIALE,8.23206591,44.09635674
CISANO SUL NEVA,8.14496038,44.08729345
COSSERIA,8.23445622,44.36851305
DEGO,8.31038187,44.44959522
ERLI,8.10533097,44.13656262
FINALE LIGURE,8.34360444,44.16902304
GARLENDA,8.09679584,44.03360058
GIUSTENICE,8.24621583,44.17232581
GIUSVALLA,8.39372680,44.44947912
LAIGUEGLIA,8.15814419,43.97461904
LOANO,8.25977713,44.12917319
MAGLIOLO,8.25018606,44.19163662
MALLARE,8.29757667,44.29146605
MASSIMINO,8.07116002,44.29939342
MILLESIMO,8.20581826,44.36442319
MIOGLIA,8.41127280,44.48986122
MURIALDO,8.16135683,44.31617201
NASINO,8.02784153,44.11511382
NOLI,8.41618422,44.20566323
ONZO,8.05141127,44.06959174
ORCO FEGLINO,8.32516188,44.21956675
ORTOVERO,8.09108827,44.05382692
OSIGLIA,8.20061895,44.28079135
PALLARE,8.27496416,44.32763192
PIANA CRIXIA,8.30751198,44.48527201
PIETRA LIGURE,8.28282700,44.14886132
PLODIO,8.24352274,44.35653151
PONTINVREA,8.43457011,44.44489686
QUILIANO,8.41137969,44.29342208
RIALTO,8.27472128,44.21960792
ROCCAVIGNALE,8.19201219,44.36188556
SASSELLO,8.48994519,44.47903665
SAVONA,8.48110865,44.30750461
SPOTORNO,8.41946267,44.22717185
STELLA,8.49307801,44.39689198
STELLANELLO,8.05933040,44.00031785
TESTICO,8.03097385,44.00536918
TOIRANO,8.20719338,44.12691774
TOVO SAN GIACOMO,8.26853791,44.17670181
URBE,8.59238717,44.48775393
VADO LIGURE,8.43628063,44.26933816
VARAZZE,8.57639806,44.35999892
VENDONE,8.07425949,44.07401137
VEZZI PORTIO,8.36194732,44.22894653
VILLANOVA D'ALBENGA,8.14308072,44.04590077
ZUCCARELLO,8.11565808,44.11134732
ARENZANO,8.68226057,44.40179322
AVEGNO,9.15871776,44.38230695
BARGAGLI,9.08833870,44.44464301
BOGLIASCO,9.06978128,44.37822158
BORZONASCA,9.38679744,44.42220304
BUSALLA,8.94498048,44.57080117
CAMOGLI,9.15713844,44.34680493
CAMPO LIGURE,8.69762914,44.53838818
CAMPOMORONE,8.89267577,44.50669550
CARASCO,9.34404046,44.35131469
CASARZA LIGURE,9.45345696,44.27462061
CASELLA,8.99919877,44.53499584
CASTIGLIONE CHIAVARESE,9.51354812,44.27471107
CERANESI,8.89459705,44.50393511
CHIAVARI,9.32401708,44.31671072
CICAGNA,9.23594891,44.40860000
COGOLETO,8.64632983,44.38946889
COGORNO,9.35217274,44.32864607
COREGLIA LIGURE,9.26698739,44.39204480
CROCEFIESCHI,9.02281748,44.58482451
DAVAGNA,9.08668974,44.46474451
FASCIA,9.23626672,44.56449009
FAVALE DI MALVARO,9.25802513,44.45203897
FONTANIGORDA,9.30494807,44.54655632
GENOVA,8.93269920,44.41149314
GORRETO,9.29209495,44.60496900
ISOLA DEL CANTONE,8.95597042,44.64584548
LAVAGNA,9.34403674,44.30715764
LEIVI,9.31821640,44.34552337
LORSICA,9.27433441,44.43234464
LUMARZO,9.13732081,44.44356861
MASONE,8.71169286,44.50363621
MELE,8.74802865,44.44540292
MEZZANEGO,9.37690562,44.38369740
MIGNANEGO,8.91468328,44.52764357
MOCONESI,9.21234739,44.41952882
MONEGLIA,9.49012691,44.23854867
MONTEBRUNO,9.24979047,44.52709330
MONTOGGIO,9.04419890,44.51558055
NE,9.39842041,44.34436715
NEIRONE,9.19090098,44.45425495
ORERO,9.27460151,44.40723425
PIEVE LIGURE,9.08689032,44.37467039
PORTOFINO,9.20722887,44.30409182
PROPATA,9.18488278,44.56471709
RAPALLO,9.23174684,44.35017452
RECCO,9.14354904,44.36219307
REZZOAGLIO,9.38665818,44.52570666
RONCO SCRIVIA,8.95498801,44.60820328
RONDANINA,9.21760907,44.56235710
ROSSIGLIONE,8.67053508,44.56211352
ROVEGNO,9.27867307,44.57711393
SAN COLOMBANO CERTENOLI,9.31312353,44.37173186
SANTA MARGHERITA LIGURE,9.20992464,44.33486974
SANT'OLCESE,8.96767968,44.48366578
SANTO STEFANO D'AVETO,9.45092663,44.54782889
SAVIGNONE,8.98795560,44.56373567
SERRA RICCO,8.93604499,44.50784963
SESTRI LEVANTE,9.39316235,44.26990054
SORI,9.10436515,44.37278803
TIGLIETO,8.62044541,44.52535713
TORRIGLIA,9.15777778,44.51901939
TRIBOGNA,9.19559972,44.41627446
USCIO,9.16328775,44.41320130
VALBREVENNA,9.06502603,44.55652959
VOBBIA,9.03982341,44.59976660
ZOAGLI,9.26724315,44.33703410
AMEGLIA,9.95726865,44.06574700
ARCOLA,9.90585039,44.11461457
BEVERINO,9.76927899,44.19406922
BOLANO,9.89528858,44.18886645
BONASSOLA,9.58410218,44.18335984
BORGHETTO DI VARA,9.72160948,44.22351961
BRUGNATO,9.72502225,44.23686542
CALICE AL CORNOVIGLIO,9.83583113,44.24247820
CARRO,9.60825868,44.27271193
CARRODANO,9.65615912,44.24207789
CASTELNUOVO MAGRA,10.01820241,44.09846668
DEIVA MARINA,9.52056080,44.21886353
FOLLO,9.86214784,44.16270731
FRAMURA,9.55435807,44.20891861
LA SPEZIA,9.82818970,44.10704991
LERICI,9.91098294,44.07603286
LEVANTO,9.61246496,44.16997519
MAISSANA,9.53501799,44.33667186
MONTEROSSO AL MARE,9.65613667,44.14629552
LUNI,10.04202918,44.08497076
PIGNONE,9.72404607,44.17915951
PORTOVENERE,9.83700513,44.05579219
RICCO DEL GOLFO DI SPEZIA,9.76342359,44.15555832
RIOMAGGIORE,9.73814999,44.09973171
ROCCHETTA DI VARA,9.75689058,44.25119026
SANTO STEFANO DI MAGRA,9.91509755,44.16241113
SARZANA,9.95967625,44.11292985
SESTA GODANO,9.67572402,44.29399517
VARESE LIGURE,9.59567948,44.37773090
VERNAZZA,9.68373233,44.13522997
VEZZANO LIGURE,9.88447876,44.14135989
ZIGNAGO,9.74495848,44.27754123
AGRA,8.77144627,46.03408765
ALBIZZATE,8.80354799,45.72373624
ANGERA,8.57505473,45.77248072
ARCISATE,8.85979602,45.85936588
ARSAGO SEPRIO,8.73102942,45.68799132
AZZATE,8.79686119,45.78197525
AZZIO,8.70629682,45.88536153
BARASSO,8.75810385,45.84046799
BARDELLO,8.69824990,45.83504320
BEDERO VALCUVIA,8.79441299,45.91263579
BESANO,8.88994859,45.88923148
BESNATE,8.76940011,45.70035494
BESOZZO,8.66515456,45.85161622
BIANDRONNO,8.71232632,45.81939412
BISUSCHIO,8.87035829,45.87241440
BODIO LOMNAGO,8.75143295,45.78988982
BREBBIA,8.64986902,45.82856738
BREGANO,8.69246682,45.82367289
BRENTA,8.68415016,45.89520908
BREZZO DI BEDERO,8.71839172,45.97788916
BRINZIO,8.78680655,45.88913557
BRISSAGO-VALTRAVAGLIA,8.74641128,45.94962111
BRUNELLO,8.79580220,45.76615745
BRUSIMPIANO,8.88960338,45.94718903
BUGUGGIATE,8.80675732,45.78525778
BUSTO ARSIZIO,8.85494196,45.61508411
CADEGLIANO-VICONAGO,8.84466504,45.95877781
CADREZZATE,8.64290340,45.79438636
CAIRATE,8.87081304,45.69202754
CANTELLO,8.89696935,45.82105782
CARAVATE,8.65547691,45.87950555
CARDANO AL CAMPO,8.77457849,45.64661310
CARNAGO,8.83627171,45.71828365
CARONNO PERTUSELLA,9.04786804,45.59681856
CARONNO VARESINO,8.83098855,45.73879258
CASALE LITTA,8.74033681,45.76739057
CASALZUIGNO,8.70550787,45.90326961
CASCIAGO,8.78437936,45.83477437
CASORATE SEMPIONE,8.74031796,45.67171363
CASSANO MAGNAGO,8.82082527,45.67438100
CASSANO VALCUVIA,8.76817676,45.93257700
CASTELLANZA,8.89758795,45.61147087
CASTELLO CABIAGLIO,8.75481888,45.89254824
CASTELSEPRIO,8.86127391,45.71695339
CASTELVECCANA,8.66483192,45.94653339
CASTIGLIONE OLONA,8.86808089,45.75638484
CASTRONNO,8.81288955,45.74696138
CAVARIA CON PREMEZZO,8.79768031,45.69454899
CAZZAGO BRABBIA,8.73527589,45.79535134
CISLAGO,8.97062131,45.66174873
CITTIGLIO,8.66871307,45.89466280
CLIVIO,8.93358998,45.86445858
COCQUIO-TREVISAGO,8.69654650,45.85787962
COMABBIO,8.67466593,45.77263671
COMERIO,8.74709374,45.84262230
CREMENAGA,8.80659213,45.98924397
CROSIO DELLA VALLE,8.76756905,45.76163488
CUASSO AL MONTE,8.87981540,45.91440418
CUGLIATE-FABIASCO,8.82065422,45.94703032
CUNARDO,8.80225408,45.93781498
CURIGLIA CON MONTEVIASCO,8.80481670,46.06064966
CUVEGLIO,8.73583523,45.90596577
CUVIO,8.73138709,45.89803114
DAVERIO,8.77150586,45.77710951
DUMENZA,8.78485575,46.02277146
DUNO,8.73854155,45.91405764
FAGNANO OLONA,8.87410817,45.66960007
FERNO,8.75884994,45.61026875
FERRERA DI VARESE,8.78818329,45.93232904
GALLARATE,8.79329925,45.66018302
GALLIATE LOMBARDO,8.76853346,45.78629177
GAVIRATE,8.72477105,45.84113211
GAZZADA SCHIANNO,8.82558358,45.78025066
GEMONIO,8.67884895,45.87741982
GERENZANO,8.99858062,45.63843744
GERMIGNAGA,8.72680431,45.99340192
GOLASECCA,8.65509793,45.69685700
GORLA MAGGIORE,8.89352477,45.66609126
GORLA MINORE,8.89650863,45.64326093
GORNATE OLONA,8.85910112,45.73774934
GRANTOLA,8.77076670,45.94960692
INARZO,8.73642610,45.78677616
INDUNO OLONA,8.83856569,45.85196664
ISPRA,8.61026566,45.81617289
JERAGO CON ORAGO,8.79253825,45.70524944
LAVENA PONTE TRESA,8.86107511,45.96092516
LAVENO-MOMBELLO,8.61535619,45.91578637
LEGGIUNO,8.61933120,45.87562703
LONATE CEPPINO,8.87627239,45.70528783
LONATE POZZOLO,8.75237386,45.60005908
LOZZA,8.85705579,45.77548006
LUINO,8.74242933,46.00249108
LUVINATE,8.77246432,45.83955502
MALGESSO,8.67614110,45.82769458
MALNATE,8.88111094,45.79952624
MARCHIROLO,8.83576960,45.95158873
MARNATE,8.90387061,45.62847701
MARZIO,8.85776946,45.93784232
MASCIAGO PRIMO,8.78080342,45.91642152
MERCALLO,8.67210331,45.74672525
MESENZANA,8.75881336,45.94701873
MONTEGRINO VALTRAVAGLIA,8.76812149,45.97345415
MONVALLE,8.63204654,45.85759299
MORAZZONE,8.82937436,45.76916148
MORNAGO,8.75239721,45.74759383
OGGIONA CON SANTO STEFANO,8.81846582,45.69730244
OLGIATE OLONA,8.89079261,45.62776512
ORIGGIO,9.01782113,45.59963152
ORINO,8.71292670,45.88178979
OSMATE,8.65520119,45.78866971
PORTO CERESIO,8.90627938,45.90401736
PORTO VALTRAVAGLIA,8.68034374,45.96082147
RANCIO VALCUVIA,8.77019605,45.91632586
RANCO,8.57472943,45.79845478
SALTRIO,8.92438188,45.87355994
SAMARATE,8.78259875,45.63092833
SARONNO,9.03640459,45.62373958
SESTO CALENDE,8.63164235,45.72379362
SOLBIATE ARNO,8.81346700,45.72056917
SOLBIATE OLONA,8.88734116,45.65359629
SOMMA LOMBARDO,8.70435241,45.68377665
SUMIRAGO,8.77937261,45.74028467
TAINO,8.61659007,45.76498844
TERNATE,8.69479817,45.78237860
TRADATE,8.90569481,45.71375993
TRAVEDONA-MONATE,8.67726088,45.80570507
TRONZANO LAGO MAGGIORE,8.73551864,46.09146610
UBOLDO,9.00306867,45.61071287
VALGANNA,8.82394745,45.90276705
VARANO BORGHI,8.70193740,45.77779049
VARESE,8.82286834,45.81701677
VEDANO OLONA,8.88635653,45.77671212
VENEGONO INFERIORE,8.89943301,45.73587963
VENEGONO SUPERIORE,8.90171645,45.74912455
VERGIATE,8.69540153,45.72453550
VIGGIU,8.90704038,45.87201080
VIZZOLA TICINO,8.68505079,45.63123483
SANGIANO,8.63179044,45.87629120
MACCAGNO CON PINO E VEDDASCA,8.74237,46.0426
ALBAVILLA,9.18930004,45.80109470
ALBESE CON CASSANO,9.16474347,45.79543363
ALBIOLO,8.93736248,45.80680091
ALSERIO,9.19837284,45.77868888
ALZATE BRIANZA,9.18202575,45.76698007
ANZANO DEL PARCO,9.19875952,45.77086446
APPIANO GENTILE,8.97949173,45.73500438
ARGEGNO,9.12740292,45.94508355
AROSIO,9.20766723,45.71664742
ASSO,9.26941885,45.86165523
BARNI,9.26396688,45.91087559
BENE LARIO,9.18360351,46.02862520
BEREGAZZO CON FIGLIARO,8.95087680,45.77587949
BINAGO,8.92256563,45.78468601
BIZZARONE,8.94596475,45.83503924
BLESSAGNO,9.09739094,45.95989389
BLEVIO,9.10486477,45.84064094
BREGNANO,9.06252406,45.69896270
BRENNA,9.18775301,45.74164179
BRIENNO,9.13139045,45.91174236
BRUNATE,9.09641584,45.81977176
BULGAROGRASSO,9.01101248,45.74813449
CABIATE,9.16670282,45.67319795
CADORAGO,9.03374726,45.72390380
CAGLIO,9.23631564,45.87057233
CAGNO,8.92405315,45.80876673
CAMPIONE D'ITALIA,8.97075400,45.97007944
CANTU,9.12658065,45.73938659
CANZO,9.27350212,45.85003757
CAPIAGO INTIMIANO,9.12430870,45.77212280
CARATE URIO,9.12239702,45.87196643
CARBONATE,8.94040214,45.68506128
CARIMATE,9.11525094,45.70268568
CARLAZZO,9.15649403,46.04919611
CARUGO,9.18915441,45.70996915
CASASCO D'INTELVI,9.07493421,45.94424398
CASLINO D'ERBA,9.22712175,45.83756065
CASNATE CON BERNATE,9.07465560,45.75679233
CASSINA RIZZARDI,9.03038994,45.75103988
CASTELMARTE,9.23335971,45.83250887
CASTELNUOVO BOZZENTE,8.94137967,45.76345124
CASTIGLIONE D'INTELVI,9.09127875,45.95530894
CAVARGNA,9.11202583,46.09067552
CERANO D'INTELVI,9.08764297,45.94446407
CERMENATE,9.08268731,45.69856700
CERNOBBIO,9.07435334,45.83962461
CIRIMIDO,9.01108636,45.69881381
CLAINO CON OSTENO,9.08434077,46.00691802
COLONNO,9.15409988,45.95773383
COMO,9.08515955,45.80999120
CORRIDO,9.13701384,46.04741939
CREMIA,9.27072570,46.08579750
CUCCIAGO,9.09150332,45.73888869
CUSINO,9.15275144,46.07437799
DIZZASCO,9.10146455,45.94387236
DOMASO,9.32846683,46.15194609
DONGO,9.27949844,46.12302711
DOSSO DEL LIRO,9.27369623,46.16368321
ERBA,9.22318311,45.81193507
EUPILIO,9.26770263,45.81692297
FAGGETO LARIO,9.15983766,45.85807982
FALOPPIO,8.96320128,45.81217463
FENEGRO,9.00273087,45.70159962
FIGINO SERENZA,9.12719392,45.71163141
FINO MORNASCO,9.04857887,45.74611655
GARZENO,9.24985634,46.13409064
GERA LARIO,9.37110185,46.17062506
GRANDATE,9.05829996,45.77389370
GRANDOLA ED UNITI,9.20713269,46.03131732
GRIANTE,9.23500949,45.99694371
GUANZATE,9.01094873,45.72431329
INVERIGO,9.21493527,45.73292730
LAGLIO,9.14007012,45.88352177
LAINO,9.07385525,45.98329717
LAMBRUGO,9.24151448,45.75846534
LASNIGO,9.26407017,45.88068666
LEZZENO,9.19108571,45.94546302
LIMIDO COMASCO,8.98270779,45.68970324
LIPOMO,9.12147915,45.79479996
LIVO,9.30419652,46.16890738
LOCATE VARESINO,8.93081757,45.69035206
LOMAZZO,9.04014928,45.69902477
LONGONE AL SEGRINO,9.25099763,45.81724782
LUISAGO,9.04345668,45.76121718
LURAGO D'ERBA,9.22473624,45.75348513
LURAGO MARINONE,8.98394626,45.70780673
LURATE CACCIVIO,9.00067971,45.76555430
MAGREGLIO,9.26189473,45.92002394
MARIANO COMENSE,9.18251093,45.69709757
MASLIANICO,9.04846523,45.84256390
MENAGGIO,9.23891075,46.02110324
MERONE,9.24511630,45.78638465
MOLTRASIO,9.09584337,45.85915189
MONGUZZO,9.23216904,45.78282650
MONTANO LUCINO,9.04127980,45.78630139
MONTEMEZZO,9.37698070,46.17849115
MONTORFANO,9.14449546,45.78540322
MOZZATE,8.95594336,45.67498965
MUSSO,9.27367815,46.11081893
NESSO,9.15900161,45.91072746
NOVEDRATE,9.12348667,45.69757654
OLGIATE COMASCO,8.96748481,45.78582872
OLTRONA DI SAN MAMETTE,8.97597509,45.75805508
ORSENIGO,9.18506195,45.77829952
PEGLIO,9.29479046,46.16017984
PIANELLO DEL LARIO,9.27647456,46.10038478
PIGRA,9.12646377,45.95734691
PLESIO,9.22786354,46.04417749
POGNANA LARIO,9.15783719,45.87739682
PONNA,9.09401197,45.98963883
PONTE LAMBRO,9.22491745,45.82699345
PORLEZZA,9.11981421,46.03641282
PROSERPIO,9.24886541,45.82765082
PUSIANO,9.28214374,45.81477830
REZZAGO,9.24860210,45.86672680
RODERO,8.91338826,45.82263059
RONAGO,8.98249961,45.82976518
ROVELLASCA,9.05229640,45.66794466
ROVELLO PORRO,9.03981948,45.65439932
SALA COMACINA,9.16599583,45.96426220
SAN BARTOLOMEO VAL CAVARGNA,9.14622273,46.08250497
SAN FEDELE INTELVI,9.07651397,45.96921287
SAN FERMO DELLA BATTAGLIA,9.0485,45.8096
SAN NAZZARO VAL CAVARGNA,9.13064701,46.08922511
SCHIGNANO,9.10236459,45.92790729
SENNA COMASCO,9.10732605,45.76332515
SOLBIATE,8.93483499,45.79234044
SORICO,9.37978706,46.17212137
SORMANO,9.24707675,45.87943907
STAZZONA,9.27725961,46.13898602
TAVERNERIO,9.15042839,45.79755247
TORNO,9.11892139,45.85871468
TREZZONE,9.35533528,46.17146264
TURATE,9.00121400,45.65506841
UGGIATE-TREVANO,8.96174753,45.82330253
VALBRONA,9.29677259,45.87778782
VALMOREA,8.93063084,45.81328901
VAL REZZO,9.11062175,46.07228986
VALSOLDA,9.05613267,46.02446056
VELESO,9.18087640,45.90874583
VENIANO,8.98498564,45.71628916
VERCANA,9.33043302,46.16001500
VERTEMATE CON MINOPRIO,9.07216730,45.72516720
VILLA GUARDIA,9.02591509,45.77472871
ZELBIO,9.18089193,45.90503059
SAN SIRO,9.25851049,46.05521640
GRAVEDONA ED UNITI,9.30622961,46.14810750
BELLAGIO,9.2459,45.9627
COLVERDE,9.00494,45.8105
TREMEZZINA,9.21350,45.98231
ALTA VALLE INTELVI,9.0271,45.9848
ALBAREDO PER SAN MARCO,9.59043893,46.10292543
ALBOSAGGIA,9.85465398,46.14739800
ANDALO VALTELLINO,9.47301339,46.13447907
APRICA,10.15206343,46.15334799
ARDENNO,9.65172236,46.17276047
BEMA,9.56456455,46.10831825
BERBENNO DI VALTELLINA,9.74318959,46.16872282
BIANZONE,10.10930218,46.18393421
BORMIO,10.37559509,46.47015993
BUGLIO IN MONTE,9.67539142,46.18335411
CAIOLO,9.81705673,46.15231836
CAMPODOLCINO,9.35431096,46.40213345
CASPOGGIO,9.86176989,46.26472617
CASTELLO DELL'ACQUA,10.01578984,46.14548538
CASTIONE ANDEVENNO,9.80029723,46.17286210
CEDRASCO,9.76800410,46.14931462
CERCINO,9.50818301,46.15777754
CHIAVENNA,9.40548756,46.32102771
CHIESA IN VALMALENCO,9.84832637,46.26376909
CHIURO,9.98921231,46.16955671
CINO,9.48531084,46.15842853
CIVO,9.58121409,46.15634566
COLORINA,9.73346320,46.15184527
COSIO VALTELLINO,9.54986826,46.13038313
DAZIO,9.60020195,46.16072439
DELEBIO,9.45925496,46.13715640
DUBINO,9.46088113,46.15299771
FAEDO VALTELLINO,9.90632697,46.15308224
FORCOLA,9.66106927,46.15823034
FUSINE,9.75010748,46.14946685
GEROLA ALTA,9.55022548,46.06002756
GORDONA,9.36858614,46.29168540
GROSIO,10.27571813,46.29730226
GROSOTTO,10.25713150,46.27878002
MADESIMO,9.34417550,46.42815069
LANZADA,9.87391438,46.26939010
LIVIGNO,10.13481042,46.53867334
LOVERO,10.23029598,46.23084025
MANTELLO,9.48804765,46.15290306
MAZZO DI VALTELLINA,10.25480299,46.25648281
MELLO,9.54426446,46.15462874
MESE,9.37945672,46.30445337
MONTAGNA IN VALTELLINA,9.90064979,46.17824643
MORBEGNO,9.56978082,46.13045582
NOVATE MEZZOLA,9.44682240,46.22198251
PEDESINA,9.54952524,46.08222157
PIANTEDO,9.43150447,46.13392594
PIATEDA,9.93888683,46.15975234
PIURO,9.42085210,46.32946842
POGGIRIDENTI,9.92865687,46.17586738
PONTE IN VALTELLINA,9.97748966,46.17438989
POSTALESIO,9.77656146,46.17378415
PRATA CAMPORTACCIO,9.39499831,46.30639156
RASURA,9.55292206,46.10074327
ROGOLO,9.48792786,46.13629947
SAMOLACO,9.39512316,46.24421886
SAN GIACOMO FILIPPO,9.37042769,46.33714147
SERNIO,10.20332533,46.22510846
SONDALO,10.32367779,46.33202816
SONDRIO,9.87147489,46.17099260
SPRIANA,9.86446932,46.22014856
TALAMONA,9.60947261,46.13751073
TARTANO,9.67931191,46.10531855
TEGLIO,10.06328021,46.17226169
TIRANO,10.17531500,46.21687062
TORRE DI SANTA MARIA,9.85209570,46.23261617
TOVO DI SANT'AGATA,10.24667088,46.24504363
TRAONA,9.52678241,46.14687842
TRESIVIO,9.94538135,46.17469556
VALDIDENTRO,10.29680566,46.48933294
VALDISOTTO,10.35511049,46.43167153
VALFURVA,10.41086041,46.46307994
VAL MASINO,9.63663600,46.21108357
VERCEIA,9.45276066,46.19663273
VERVIO,10.24053168,46.25285098
VILLA DI CHIAVENNA,9.48896973,46.33123766
VILLA DI TIRANO,10.13320677,46.20268316
ABBIATEGRASSO,8.91748563,45.39857615
ALBAIRATE,8.93517393,45.41870614
ARCONATE,8.85151512,45.54155555
ARESE,9.07857580,45.54987207
ARLUNO,8.95002987,45.50899319
ASSAGO,9.13114880,45.40436068
BAREGGIO,8.99381888,45.47645894
BASIANO,9.46820192,45.57442098
BASIGLIO,9.16147420,45.36271707
BELLINZAGO LOMBARDO,9.44597053,45.54083028
BERNATE TICINO,8.81592589,45.47932974
BESATE,8.96731763,45.31224654
BINASCO,9.09965859,45.33219808
BOFFALORA SOPRA TICINO,8.82849071,45.46435927
BOLLATE,9.11765508,45.54384321
BRESSO,9.18762977,45.53760014
BUBBIANO,9.01336985,45.32732507
BUCCINASCO,9.10757505,45.42126896
BUSCATE,8.81258989,45.54600142
BUSSERO,9.37205136,45.53791825
BUSTO GAROLFO,8.88340873,45.54605784
CALVIGNASCO,9.02086669,45.33179509
CAMBIAGO,9.42416597,45.57336649
CANEGRATE,8.92457328,45.57254954
CARPIANO,9.27463974,45.34164161
CARUGATE,9.33843416,45.54960324
CASARILE,9.10320454,45.31759199
CASOREZZO,8.89904940,45.52420100
CASSANO D'ADDA,9.52054616,45.52652047
CASSINA DE' PECCHI,9.36445401,45.51996566
CASSINETTA DI LUGAGNANO,8.90680090,45.42212844
CASTANO PRIMO,8.77635835,45.55121165
CERNUSCO SUL NAVIGLIO,9.33502744,45.52420326
CERRO AL LAMBRO,9.33846435,45.33157234
CERRO MAGGIORE,8.95071180,45.59344478
CESANO BOSCONE,9.09327345,45.44593779
CESATE,9.07544168,45.59500977
CINISELLO BALSAMO,9.21357368,45.55836354
CISLIANO,8.98607940,45.44604503
COLOGNO MONZESE,9.27516655,45.52979668
COLTURANO,9.34922924,45.38189911
CORBETTA,8.92189794,45.46753305
CORMANO,9.17254222,45.54301244
CORNAREDO,9.02583153,45.50196836
CORSICO,9.10863096,45.43184871
CUGGIONO,8.82157381,45.50692962
CUSAGO,9.03350632,45.44666694
CUSANO MILANINO,9.18157036,45.55073318
DAIRAGO,8.86615879,45.56810463
DRESANO,9.36121873,45.37386953
GAGGIANO,9.03451722,45.40571729
GARBAGNATE MILANESE,9.07748677,45.57560674
GESSATE,9.43675493,45.55548598
GORGONZOLA,9.40541159,45.53026195
GREZZAGO,9.49442413,45.59197707
GUDO VISCONTI,8.99924951,45.37320485
INVERUNO,8.85360485,45.51294461
INZAGO,9.48224972,45.54114755
LACCHIARELLA,9.13737385,45.32117579
LAINATE,9.02714484,45.57145592
LEGNANO,8.91854994,45.59413716
LISCATE,9.40946947,45.48132241
LOCATE DI TRIULZI,9.22117365,45.35766067
MAGENTA,8.88342560,45.46610604
MAGNAGO,8.80052532,45.58059715
MARCALLO CON CASONE,8.86750142,45.48437101
MASATE,9.46650825,45.56842201
MEDIGLIA,9.32377394,45.40122623
MELEGNANO,9.32425217,45.35753074
MELZO,9.42398030,45.49793248
MESERO,8.85387846,45.49826845
MILANO,9.19034740,45.46679408
MORIMONDO,8.95607819,45.35379301
MOTTA VISCONTI,8.99299798,45.29019224
NERVIANO,8.97084999,45.55398759
NOSATE,8.72646999,45.55078138
NOVATE MILANESE,9.13588075,45.53282247
NOVIGLIO,9.07078309,45.35609013
OPERA,9.21145887,45.37791048
OSSONA,8.89458275,45.50398861
OZZERO,8.92292595,45.36877272
PADERNO DUGNANO,9.16606767,45.56855160
PANTIGLIATE,9.35392876,45.43969396
PARABIAGO,8.95238691,45.55801413
PAULLO,9.39939608,45.41702165
PERO,9.08902213,45.51080482
PESCHIERA BORROMEO,9.31109409,45.43176867
PESSANO CON BORNAGO,9.38762275,45.55027632
PIEVE EMANUELE,9.19968696,45.35117871
PIOLTELLO,9.32813782,45.49677508
POGLIANO MILANESE,8.99355069,45.53725726
POZZO D'ADDA,9.49955002,45.57394857
POZZUOLO MARTESANA,9.45199534,45.51240233
PREGNANA MILANESE,9.01001946,45.51743762
RESCALDINA,8.94754597,45.61654739
RHO,9.04021698,45.52890587
ROBECCHETTO CON INDUNO,8.76291649,45.53494485
ROBECCO SUL NAVIGLIO,8.89040620,45.43756541
RODANO,9.35708365,45.47318177
ROSATE,9.01680511,45.34835080
ROZZANO,9.15292695,45.38101963
SAN COLOMBANO AL LAMBRO,9.48925035,45.18132946
SAN DONATO MILANESE,9.26614911,45.41696210
SAN GIORGIO SU LEGNANO,8.91647570,45.57653352
SAN GIULIANO MILANESE,9.28492451,45.40022835
SANTO STEFANO TICINO,8.91935219,45.48778115
SAN VITTORE OLONA,8.94382391,45.58760398
SAN ZENONE AL LAMBRO,9.35836311,45.32647936
SEDRIANO,8.97088206,45.48755545
SEGRATE,9.29293241,45.49082418
SENAGO,9.11743158,45.57519908
SESTO SAN GIOVANNI,9.23651246,45.53352962
SETTALA,9.38688134,45.45468517
SETTIMO MILANESE,9.05677434,45.48074151
SOLARO,9.07951970,45.61677245
TREZZANO ROSA,9.48954108,45.58497981
TREZZANO SUL NAVIGLIO,9.06913584,45.41867651
TREZZO SULL'ADDA,9.51924401,45.61015321
TRIBIANO,9.36826311,45.40419814
TRUCCAZZANO,9.46626196,45.48357110
TURBIGO,8.73520842,45.52847138
VANZAGO,9.00065442,45.52649482
VAPRIO D'ADDA,9.53346804,45.57645829
VERMEZZO,8.98057958,45.39681572
VERNATE,9.06042559,45.31588074
VIGNATE,9.37703718,45.49636828
VIMODRONE,9.28709221,45.51432793
VITTUONE,8.95330350,45.48777405
VIZZOLO PREDABISSI,9.34657618,45.35700041
ZELO SURRIGONE,8.98468488,45.38689115
ZIBIDO SAN GIACOMO,9.10587711,45.35966489
VILLA CORTESE,8.88568965,45.56550040
VANZAGHELLO,8.78555599,45.57775891
BARANZATE,9.11386757,45.52729576
ADRARA SAN MARTINO,9.94824970,45.69819924
ADRARA SAN ROCCO,9.95771458,45.71217274
ALBANO SANT'ALESSANDRO,9.76623620,45.68645495
ALBINO,9.79693450,45.76059116
ALME,9.61756690,45.74006437
ALMENNO SAN BARTOLOMEO,9.57826907,45.74829449
ALMENNO SAN SALVATORE,9.58738459,45.74973808
ALZANO LOMBARDO,9.72580631,45.72747077
AMBIVERE,9.54722545,45.71859384
ANTEGNATE,9.79245129,45.48444261
ARCENE,9.61367879,45.57551324
ARDESIO,9.92964900,45.93819796
ARZAGO D'ADDA,9.56429523,45.47970041
AVERARA,9.63115452,45.98855080
AVIATICO,9.76892181,45.79280510
AZZANO SAN PAOLO,9.67632432,45.66191569
AZZONE,10.11281471,45.97902681
BAGNATICA,9.78137877,45.66367408
BARBATA,9.77623374,45.47490603
BARIANO,9.70701505,45.51477813
BARZANA,9.56703564,45.73364503
BEDULITA,9.55092365,45.79064007
BERBENNO,9.56832347,45.81171214
BERGAMO,9.66842453,45.69441368
BERZO SAN FERMO,9.90029675,45.71817000
BIANZANO,9.91778785,45.77337870
BLELLO,9.56433704,45.83691780
BOLGARE,9.82023830,45.63185923
BOLTIERE,9.57823378,45.59977641
BONATE SOPRA,9.55923638,45.68308830
BONATE SOTTO,9.56130516,45.66636307
BORGO DI TERZO,9.89141094,45.72095531
BOSSICO,10.04486839,45.82701072
BOTTANUCO,9.50359425,45.64081122
BRACCA,9.70781335,45.82266222
BRANZI,9.75868016,46.00494814
BREMBATE,9.55516253,45.60388463
BREMBATE DI SOPRA,9.57758711,45.71627848
BRIGNANO GERA D'ADDA,9.64789634,45.54451470
BRUMANO,9.50061272,45.85462791
BRUSAPORTO,9.76126081,45.67082667
CALCINATE,9.80155201,45.61977118
CALCIO,9.85508435,45.50766222
CALUSCO D'ADDA,9.47138472,45.68834716
CALVENZANO,9.59815751,45.49463312
CAMERATA CORNELLO,9.65566453,45.89956035
CANONICA D'ADDA,9.54175897,45.57456366
CAPIZZONE,9.56852652,45.78452319
CAPRIATE SAN GERVASIO,9.52730102,45.60916831
CAPRINO BERGAMASCO,9.48158177,45.74646782
CARAVAGGIO,9.64310613,45.49713767
CAROBBIO DEGLI ANGELI,9.82862581,45.67045623
CARONA,9.78549341,46.02183878
CARVICO,9.47982813,45.70685592
CASAZZA,9.90631523,45.75151263
CASIRATE D'ADDA,9.56659968,45.49235035
CASNIGO,9.86745342,45.81634563
CASSIGLIO,9.61212713,45.96685843
CASTELLI CALEPIO,9.90225371,45.64152654
CASTEL ROZZONE,9.62373758,45.55543684
CASTIONE DELLA PRESOLANA,10.03640944,45.90774598
CASTRO,10.06877391,45.80380375
CAVERNAGO,9.76373349,45.62380299
CAZZANO SANT'ANDREA,9.88223113,45.81122174
CENATE SOPRA,9.82417576,45.71174379
CENATE SOTTO,9.82395442,45.69842732
CENE,9.82557194,45.77943252
CERETE,9.99497475,45.86768981
CHIGNOLO D'ISOLA,9.52722734,45.66512539
CHIUDUNO,9.85376247,45.64690256
CISANO BERGAMASCO,9.47436152,45.74238525
CISERANO,9.60072632,45.58667048
CIVIDATE AL PIANO,9.82979510,45.55425697
CLUSONE,9.94697311,45.89156953
COLERE,10.08572191,45.97390225
COLOGNO AL SERIO,9.70610192,45.57940957
COLZATE,9.85631135,45.81595823
COMUN NUOVO,9.66473652,45.62325078
CORNA IMAGNA,9.54447510,45.83152482
CORTENUOVA,9.78579765,45.53862530
COSTA DI MEZZATE,9.79445546,45.66292809
COSTA VALLE IMAGNA,9.50566120,45.80079491
COSTA VOLPINO,10.09399319,45.82794219
COVO,9.76854314,45.50113193
CREDARO,9.92901266,45.65844869
CURNO,9.61132252,45.69154232
CUSIO,9.60347890,45.98943086
DALMINE,9.60117345,45.64796557
DOSSENA,9.69696495,45.87917249
ENDINE GAIANO,9.97649310,45.79018606
ENTRATICO,9.87476548,45.70548346
FARA GERA D'ADDA,9.53074769,45.55086391
FARA OLIVANA CON SOLA,9.74973966,45.49516206
FILAGO,9.55385295,45.63626990
FINO DEL MONTE,9.99215462,45.89045330
FIORANO AL SERIO,9.84166374,45.79948279
FONTANELLA,9.80044757,45.47222286
FONTENO,10.01921554,45.75786413
FOPPOLO,9.75497897,46.04394127
FORESTO SPARSO,9.91367871,45.69511225
FORNOVO SAN GIOVANNI,9.67510261,45.49614791
FUIPIANO VALLE IMAGNA,9.52497381,45.85710204
GANDELLINO,9.94595319,45.99065651
GANDINO,9.90400497,45.81128887
GANDOSSO,9.88989631,45.66236043
GAVERINA TERME,9.88615741,45.75834161
GAZZANIGA,9.83572599,45.79743158
GHISALBA,9.75443504,45.59161982
GORLAGO,9.82916960,45.67653217
GORLE,9.71877961,45.70242869
GORNO,9.84340028,45.86280091
GRASSOBBIO,9.72770139,45.65483964
GROMO,9.92990165,45.97038555
GRONE,9.90882163,45.72721250
GRUMELLO DEL MONTE,9.86977119,45.63401660
ISOLA DI FONDRA,9.74750710,45.98078910
ISSO,9.75897489,45.47629500
LALLIO,9.62688120,45.66731611
LEFFE,9.88525625,45.79979518
LENNA,9.67730257,45.94318433
LEVATE,9.62447164,45.62522363
LOCATELLO,9.53254936,45.83222039
LOVERE,10.07160122,45.81288555
LURANO,9.63944209,45.56502780
LUZZANA,9.87986502,45.71597847
MADONE,9.54994881,45.65199573
MAPELLO,9.54573257,45.70939829
MARTINENGO,9.76736896,45.57167298
MEZZOLDO,9.66566839,46.01220471
MISANO DI GERA D'ADDA,9.62059954,45.46855110
MOIO DE' CALVI,9.70058412,45.95144174
MONASTEROLO DEL CASTELLO,9.93135584,45.76326118
MONTELLO,9.80506490,45.67091191
MORENGO,9.70220970,45.53200212
MORNICO AL SERIO,9.80871213,45.59054900
MOZZANICA,9.69375604,45.47709603
MOZZO,9.60902504,45.70017710
NEMBRO,9.75892641,45.74353321
OLMO AL BREMBO,9.64893935,45.96953727
OLTRE IL COLLE,9.76684312,45.89272446
OLTRESSENDA ALTA,9.94421623,45.91448234
ONETA,9.81927675,45.87142446
ONORE,10.00997787,45.89257892
ORIO AL SERIO,9.69151337,45.67573293
ORNICA,9.57845482,45.98891231
OSIO SOPRA,9.59192450,45.62977209
OSIO SOTTO,9.59270829,45.61618219
PAGAZZANO,9.67331479,45.53359411
PALADINA,9.60637977,45.72721062
PALAZZAGO,9.53730572,45.75122637
PALOSCO,9.83787414,45.58347493
PARRE,9.89189745,45.87706854
PARZANICA,10.03589843,45.73811128
PEDRENGO,9.73413550,45.69842976
PEIA,9.89707550,45.79967397
PIANICO,10.04353627,45.81099519
PIARIO,9.92643911,45.89596376
PIAZZA BREMBANA,9.67734981,45.94631547
PIAZZATORRE,9.68557205,45.99001243
PIAZZOLO,9.67228091,45.97907415
POGNANO,9.64199470,45.58590063
PONTE NOSSA,9.88739539,45.86954276
PONTERANICA,9.65475910,45.73073708
PONTE SAN PIETRO,9.58690420,45.69898952
PONTIDA,9.50045312,45.73147772
PONTIROLO NUOVO,9.56780777,45.56867250
PRADALUNGA,9.78432737,45.74796639
PREDORE,10.01950385,45.68066321
PREMOLO,9.87533480,45.86859604
PRESEZZO,9.56670539,45.69162228
PUMENENGO,9.86772503,45.48030174
RANICA,9.71460508,45.72696442
RANZANICO,9.93612409,45.78860457
RIVA DI SOLTO,10.03938351,45.77417492
ROGNO,10.13343949,45.85782003
ROMANO DI LOMBARDIA,9.75316933,45.51945126
RONCOBELLO,9.74782375,45.95643792
RONCOLA,9.56102894,45.76925026
ROTA D'IMAGNA,9.51152824,45.83414786
ROVETTA,9.98490261,45.89111129
SAN GIOVANNI BIANCO,9.65182322,45.87456477
SAN PAOLO D'ARGON,9.80174843,45.68763520
SAN PELLEGRINO TERME,9.66330535,45.83833313
SANTA BRIGIDA,9.62343680,45.98128440
SARNICO,9.95835303,45.66799802
SCANZOROSCIATE,9.73679641,45.71186891
SCHILPARIO,10.15451561,46.00956474
SEDRINA,9.62345823,45.77991523
SELVINO,9.75012725,45.78074838
SERIATE,9.71764216,45.68353578
SERINA,9.73009145,45.87138372
SOLTO COLLINA,10.02592875,45.78223969
SONGAVAZZO,9.98981791,45.88091617
SORISOLE,9.66253698,45.74474021
SOTTO IL MONTE GIOVANNI XXIII,9.49887457,45.70569781
SOVERE,10.02552685,45.82415622
SPINONE AL LAGO,9.92154248,45.76476001
SPIRANO,9.67098717,45.58217246
STEZZANO,9.65102483,45.64975666
STROZZA,9.57785981,45.77424733
SUISIO,9.50127414,45.65978989
TALEGGIO,9.56480824,45.89403010
TAVERNOLA BERGAMASCA,10.04532871,45.70922375
TELGATE,9.85342403,45.62729393
TERNO D'ISOLA,9.53143321,45.68359940
TORRE BOLDONE,9.70773248,45.71609034
TORRE DE' ROVERI,9.77220696,45.69951084
TORRE PALLAVICINA,9.86262527,45.44145792
TRESCORE BALNEARIO,9.84277423,45.69508834
TREVIGLIO,9.59264990,45.52176480
TREVIOLO,9.61127104,45.67161825
UBIALE CLANEZZO,9.61669209,45.78339354
URGNANO,9.68917779,45.59854143
VALBONDIONE,10.01261961,46.03798458
VALBREMBO,9.60836917,45.71643237
VALGOGLIO,9.91394219,45.97559532
VALLEVE,9.74322887,46.02819671
VALNEGRA,9.68946994,45.94911785
VALTORTA,9.53500677,45.97757770
VEDESETA,9.54266151,45.88945904
VERDELLINO,9.61534181,45.60418483
VERDELLO,9.62702383,45.60652189
VERTOVA,9.84987255,45.80858625
VIADANICA,9.96132435,45.68552811
VIGANO SAN MARTINO,9.89576413,45.72609362
VIGOLO,10.02631466,45.71641986
VILLA D'ADDA,9.46461423,45.71283271
VILLA D'ALME,9.61792022,45.74634480
VILLA DI SERIO,9.73419702,45.72011449
VILLA D'OGNA,9.93053034,45.90754175
VILLONGO,9.93475122,45.67239404
VILMINORE DI SCALVE,10.09528648,45.99794954
ZANDOBBIO,9.85241484,45.68654224
ZANICA,9.68097350,45.64195570
ZOGNO,9.66791865,45.79482160
COSTA SERINA,9.73922304,45.83100576
ALGUA,9.72222924,45.82583705
CORNALBA,9.74464480,45.85024428
MEDOLAGO,9.49354197,45.67277395
SOLZA,9.49030904,45.67777081
SANT'OMOBONO TERME,9.5187,45.8168
VAL BREMBILLA,9.59647,45.8211
ACQUAFREDDA,10.41190041,45.30716861
ADRO,9.95535378,45.62514272
AGNOSINE,10.35768430,45.64771077
ALFIANELLO,10.14824994,45.26758605
ANFO,10.49379785,45.76575000
ANGOLO TERME,10.14687744,45.89295916
ARTOGNE,10.16452435,45.84832151
AZZANO MELLA,10.11359436,45.45482356
BAGNOLO MELLA,10.17928028,45.42902132
BAGOLINO,10.46893818,45.82122915
BARBARIGA,10.05674386,45.40397218
BARGHE,10.40612722,45.67799548
BASSANO BRESCIANO,10.12684596,45.33019122
BEDIZZOLE,10.42277837,45.51035884
BERLINGO,10.03295371,45.50276977
BERZO DEMO,10.33300826,46.09287052
BERZO INFERIORE,10.27867321,45.93225933
BIENNO,10.29546917,45.93555453
BIONE,10.34057147,45.67402934
BORGO SAN GIACOMO,9.97101776,45.35011663
BORGOSATOLLO,10.23603582,45.47507645
BORNO,10.20580785,45.94679424
BOTTICINO,10.32329909,45.54329565
BOVEGNO,10.27221530,45.79234745
BOVEZZO,10.24349364,45.59163275
BRANDICO,10.05092043,45.45427209
BRAONE,10.34243041,45.99021192
BRENO,10.30204086,45.95601285
BRESCIA,10.21910323,45.53993052
BRIONE,10.14980761,45.64071464
CAINO,10.31575694,45.61251414
CALCINATO,10.41651764,45.45747040
CALVAGESE DELLA RIVIERA,10.44602336,45.53921951
CALVISANO,10.34287551,45.34907813
CAPO DI PONTE,10.34280170,46.02999867
CAPOVALLE,10.54484270,45.75406745
CAPRIANO DEL COLLE,10.12640959,45.45516249
CAPRIOLO,9.93602291,45.63979785
CARPENEDOLO,10.43152580,45.36118859
CASTEGNATO,10.11683832,45.56211690
CASTELCOVATI,9.94319171,45.50607430
CASTEL MELLA,10.14188166,45.49759872
CASTENEDOLO,10.30043916,45.47135901
CASTO,10.32059748,45.69508611
CASTREZZATO,9.97671546,45.51108736
CAZZAGO SAN MARTINO,10.02501501,45.58101331
CEDEGOLO,10.34999445,46.07576226
CELLATICA,10.17777203,45.58268839
CERVENO,10.32550765,46.00231643
CETO,10.35184980,46.00235809
CEVO,10.37037619,46.08019094
CHIARI,9.93052864,45.53684360
CIGOLE,10.19136828,45.30993454
CIMBERGO,10.36307614,46.02385329
CIVIDATE CAMUNO,10.27954747,45.94348981
COCCAGLIO,9.97696104,45.56238459
COLLEBEATO,10.21388771,45.58567193
COLLIO,10.33333286,45.81116683
COLOGNE,9.94305337,45.58560661
COMEZZANO-CIZZAGO,9.94904429,45.47259447
CONCESIO,10.21846104,45.60437212
CORTE FRANCA,10.00698240,45.63719867
CORTENO GOLGI,10.24224115,46.16596898
CORZANO,10.00779086,45.44424630
DARFO BOARIO TERME,10.18048381,45.88347362
DELLO,10.07977147,45.41654998
DESENZANO DEL GARDA,10.54158830,45.46858257
EDOLO,10.33711194,46.17823140
ERBUSCO,9.97324124,45.59951824
ESINE,10.25917638,45.92401953
FIESSE,10.32170366,45.23334134
FLERO,10.17589208,45.48235605
GAMBARA,10.29778932,45.25386029
GARDONE RIVIERA,10.55799486,45.62009093
GARDONE VAL TROMPIA,10.18222299,45.68909413
GARGNANO,10.65994462,45.68981041
GAVARDO,10.43467889,45.58673467
GHEDI,10.27692536,45.40219778
GIANICO,10.18397330,45.86531336
GOTTOLENGO,10.27151767,45.29173169
GUSSAGO,10.15314832,45.59242495
IDRO,10.47401396,45.73701964
INCUDINE,10.35819325,46.22211483
IRMA,10.28384537,45.77119698
ISEO,10.05004398,45.65982928
ISORELLA,10.31665753,45.30756270
LAVENONE,10.43796818,45.73901274
LENO,10.21741867,45.36749972
LIMONE SUL GARDA,10.79290209,45.81333026
LODRINO,10.27760199,45.71774346
LOGRATO,10.05743850,45.48318568
LONATO DEL GARDA,10.48429285,45.46089172
LONGHENA,10.05965597,45.43814089
LOSINE,10.31750867,45.98358956
LOZIO,10.26089085,45.98563822
LUMEZZANE,10.26175600,45.65014976
MACLODIO,10.04178291,45.47674013
MAGASA,10.61640340,45.78147613
MAIRANO,10.07630769,45.45020038
MALEGNO,10.27241110,45.95070971
MALONNO,10.31478286,46.11866545
MANERBA DEL GARDA,10.55142577,45.55009614
MANERBIO,10.13902184,45.35430213
MARCHENO,10.21419546,45.70599766
MARMENTINO,10.28194328,45.75282746
MARONE,10.09156211,45.73709034
MAZZANO,10.35979044,45.50360347
MILZANO,10.20043867,45.27554151
MONIGA DEL GARDA,10.53704308,45.53051675
MONNO,10.33803738,46.21261535
MONTE ISOLA,10.07929693,45.71498601
MONTICELLI BRUSATI,10.09789844,45.63426021
MONTICHIARI,10.39528281,45.41224627
MONTIRONE,10.23111054,45.44377294
MURA,10.34201401,45.71306707
MUSCOLINE,10.46032704,45.56438947
NAVE,10.27904530,45.58467547
NIARDO,10.33589978,45.97872723
NUVOLENTO,10.38327962,45.54783467
NUVOLERA,10.37015909,45.53332556
ODOLO,10.38824584,45.64856079
OFFLAGA,10.11630783,45.38652358
OME,10.12416033,45.62489528
ONO SAN PIETRO,10.32924402,46.01645153
ORZINUOVI,9.92176686,45.40249790
ORZIVECCHI,9.96045414,45.42088848
OSPITALETTO,10.07517023,45.55686172
OSSIMO,10.22847608,45.94575301
PADENGHE SUL GARDA,10.50836300,45.50945065
PADERNO FRANCIACORTA,10.07776175,45.59040880
PAISCO LOVENO,10.29275715,46.07887268
PAITONE,10.39994355,45.55300477
PALAZZOLO SULL'OGLIO,9.88582148,45.59847763
PARATICO,9.95761989,45.66159516
PASPARDO,10.37106349,46.02986988
PASSIRANO,10.06402728,45.59815323
PAVONE DEL MELLA,10.20804853,45.30332169
SAN PAOLO,10.02462174,45.37129663
PERTICA ALTA,10.34429218,45.74264899
PERTICA BASSA,10.37304046,45.75333445
PEZZAZE,10.23921621,45.77493143
PIAN CAMUNO,10.15748085,45.84371740
PISOGNE,10.10889801,45.80480282
POLAVENO,10.12424826,45.66119599
POLPENAZZE DEL GARDA,10.50463489,45.54718730
POMPIANO,9.98715490,45.43278121
PONCARALE,10.17396244,45.46051196
PONTE DI LEGNO,10.51145860,46.25647207
PONTEVICO,10.08503009,45.27359729
PONTOGLIO,9.85265228,45.57062305
POZZOLENGO,10.62709464,45.40285678
PRALBOINO,10.21488169,45.26809429
PRESEGLIE,10.39292980,45.66534492
PREVALLE,10.42121638,45.54705532
PROVAGLIO D'ISEO,10.04214968,45.63777633
PROVAGLIO VAL SABBIA,10.43392813,45.68857672
PUEGNAGO SUL GARDA,10.50991136,45.57047242
QUINZANO D'OGLIO,10.00872258,45.31368546
REMEDELLO,10.37196398,45.27889584
REZZATO,10.31849233,45.51341274
ROCCAFRANCA,9.91198460,45.46414262
RODENGO SAIANO,10.10929589,45.60058750
ROE VOLCIANO,10.49404000,45.62400951
RONCADELLE,10.15130870,45.52806210
ROVATO,9.99763789,45.56808537
RUDIANO,9.88423225,45.48851850
SABBIO CHIESE,10.41553263,45.65676279
SALE MARASINO,10.11288737,45.71409232
SALO,10.53231140,45.60713769
SAN FELICE DEL BENACO,10.55377221,45.58275139
SAN GERVASIO BRESCIANO,10.14967036,45.30601971
SAN ZENO NAVIGLIO,10.21455357,45.49134250
SAREZZO,10.20297691,45.65378299
SAVIORE DELL'ADAMELLO,10.39820737,46.08049071
SELLERO,10.33811802,46.06872235
SENIGA,10.17716028,45.24361392
SERLE,10.36886737,45.56174398
SIRMIONE,10.60946835,45.46231487
SOIANO DEL LAGO,10.51363282,45.53667141
SONICO,10.35211195,46.16331325
SULZANO,10.10278206,45.69073811
TAVERNOLE SUL MELLA,10.24024832,45.74807504
TEMU,10.47047130,46.24975113
TIGNALE,10.72185074,45.73951579
TORBOLE CASAGLIA,10.10502624,45.50830989
TOSCOLANO-MADERNO,10.60624725,45.64167518
TRAVAGLIATO,10.08021884,45.52337617
TREMOSINE SUL GARDA,10.75381073,45.76695652
TRENZANO,10.01571144,45.47595167
TREVISO BRESCIANO,10.46199638,45.71274204
URAGO D'OGLIO,9.87035354,45.51333465
VALLIO TERME,10.39578004,45.60922643
VALVESTINO,10.59482345,45.76184174
VEROLANUOVA,10.07665283,45.32577656
VEROLAVECCHIA,10.05181250,45.33052185
VESTONE,10.40369545,45.70960367
VEZZA D'OGLIO,10.40008121,46.24012026
VILLA CARCINA,10.19527204,45.63141952
VILLACHIARA,9.92960564,45.35687315
VILLANUOVA SUL CLISI,10.45370920,45.60166297
VIONE,10.44779791,46.24880802
VISANO,10.36908371,45.31626037
VOBARNO,10.49655796,45.64699577
ZONE,10.11661357,45.76219872
PIANCOGNO,10.22051406,45.91880417
ALAGNA,8.88945222,45.16928391
ALBAREDO ARNABOLDI,9.24350753,45.10683265
ALBONESE,8.70612790,45.29285040
ALBUZZANO,9.27717753,45.18754704
ARENA PO,9.36186971,45.09443229
BADIA PAVESE,9.46854900,45.12117417
BAGNARIA,9.12433895,44.82607599
BARBIANELLO,9.20599733,45.07570319
BASCAPE,9.31542149,45.30464405
BASTIDA PANCARANA,9.09155360,45.08630345
BATTUDA,9.07740762,45.27357591
BELGIOIOSO,9.31602643,45.16273674
BEREGUARDO,9.02449546,45.25744652
BORGARELLO,9.14068907,45.23942871
BORGO PRIOLO,9.14841048,44.96650803
BORGORATTO MORMOROLO,9.19322114,44.93011284
BORGO SAN SIRO,8.91269284,45.23483612
BORNASCO,9.21835501,45.26637718
BOSNASCO,9.35689545,45.06399870
BRALLO DI PREGOLA,9.28189064,44.73845550
BREME,8.62332043,45.12790235
BRESSANA BOTTARONE,9.13508060,45.07364272
BRONI,9.26129813,45.06197007
CALVIGNANO,9.16884328,44.98267158
CAMPOSPINOSO,9.24669485,45.09360451
CANDIA LOMELLINA,8.59816452,45.17473688
CANEVINO,9.27357320,44.94473370
CANNETO PAVESE,9.28098021,45.05115779
CARBONARA AL TICINO,9.05904974,45.16531723
CASANOVA LONATI,9.21373599,45.09441598
CASATISMA,9.13096391,45.04568877
CASEI GEROLA,8.92707305,45.00630790
CASORATE PRIMO,9.01813904,45.31192430
CASSOLNOVO,8.80894596,45.36582712
CASTANA,9.27189802,45.02702606
CASTEGGIO,9.12494869,45.01239955
CASTELLETTO DI BRANDUZZO,9.09766637,45.07018739
CASTELLO D'AGOGNA,8.68937848,45.23600468
CASTELNOVETTO,8.61139904,45.25437520
CAVA MANARA,9.10710573,45.13887406
CECIMA,9.08168596,44.84781480
CERANOVA,9.24226047,45.26001191
CERETTO LOMELLINA,8.67241282,45.24481961
CERGNAGO,8.76908632,45.19717197
CERTOSA DI PAVIA,9.12741660,45.25434477
CERVESINA,9.01775898,45.06117380
CHIGNOLO PO,9.48820517,45.15251471
CIGOGNOLA,9.24377127,45.03309465
CILAVEGNA,8.74367717,45.31042940
CODEVILLA,9.05549504,44.96399925
CONFIENZA,8.55760228,45.33191517
COPIANO,9.32090675,45.19747789
CORANA,8.96949055,45.06288562
CORVINO SAN QUIRICO,9.15892253,45.01556343
COSTA DE' NOBILI,9.37878994,45.13242075
COZZO,8.61109735,45.19212476
CURA CARPIGNANO,9.25707038,45.21179419
DORNO,8.95195475,45.15485373
FERRERA ERBOGNONE,8.86376906,45.11328526
FILIGHERA,9.31407227,45.17734084
FORTUNAGO,9.18468553,44.92159589
FRASCAROLO,8.68279849,45.04690209
GALLIAVOLA,8.81862618,45.09718401
GAMBARANA,8.76279748,45.02873481
GAMBOLO,8.86158530,45.24979779
GARLASCO,8.92353757,45.19638380
GERENZAGO,9.36220485,45.20355606
GIUSSAGO,9.13993742,45.28429328
GODIASCO SALICE TERME,9.05797207,44.89757219
GOLFERENZO,9.30696852,44.96175776
GRAVELLONA LOMELLINA,8.76399625,45.32884890
GROPELLO CAIROLI,8.99214762,45.17717695
INVERNO E MONTELEONE,9.38426433,45.19858107
LANDRIANO,9.25958712,45.31128201
LANGOSCO,8.56284388,45.21533301
LARDIRAGO,9.23437570,45.23543708
LINAROLO,9.26788550,45.16021171
LIRIO,9.25553586,44.99401253
LOMELLO,8.79265237,45.12176665
LUNGAVILLA,9.07858780,45.04490566
MAGHERNO,9.32949555,45.22244980
MARCIGNAGO,9.07736899,45.25435216
MARZANO,9.29457635,45.24758600
MEDE,8.73661355,45.09693827
MENCONICO,9.27906118,44.79595014
MEZZANA BIGLI,8.84596057,45.06088008
MEZZANA RABATTONE,9.03229261,45.09470572
MEZZANINO,9.20681323,45.12638643
MIRADOLO TERME,9.44317001,45.17163506
MONTALTO PAVESE,9.20733549,44.97961147
MONTEBELLO DELLA BATTAGLIA,9.10100735,44.99970083
MONTECALVO VERSIGGIA,9.28398668,44.97040409
MONTESCANO,9.29733537,45.03180352
MONTESEGALE,9.12689667,44.90637183
MONTICELLI PAVESE,9.51274019,45.11050666
MONTU BECCARIA,9.31241837,45.03883483
MORNICO LOSANA,9.20647093,45.00921957
MORTARA,8.73806527,45.25183779
NICORVO,8.66718852,45.28514650
OLEVANO DI LOMELLINA,8.71747483,45.21321772
OLIVA GESSI,9.17362666,45.00533323
OTTOBIANO,8.83215280,45.15127105
PALESTRO,8.53467742,45.30584066
PANCARANA,9.05106462,45.07522925
PARONA,8.74981845,45.28261312
PAVIA,9.16015719,45.18509264
PIETRA DE' GIORGI,9.22976461,45.02082580
PIEVE ALBIGNOLA,8.96031338,45.11312662
PIEVE DEL CAIRO,8.80510102,45.04897446
PIEVE PORTO MORONE,9.43845739,45.11250986
PINAROLO PO,9.16481430,45.06602995
PIZZALE,9.04731478,45.03431401
PONTE NIZZA,9.09737005,44.85187405
PORTALBERA,9.32259546,45.09940690
REA,9.15434003,45.11386906
REDAVALLE,9.20401766,45.03773197
RETORBIDO,9.03634536,44.94922806
RIVANAZZANO TERME,9.01644721,44.93053102
ROBBIO,8.59395750,45.28911604
ROBECCO PAVESE,9.14865428,45.04842105
ROCCA DE' GIORGI,9.25216656,44.97158431
ROCCA SUSELLA,9.09596542,44.91275863
ROGNANO,9.08992208,45.28881563
ROMAGNESE,9.32948080,44.83722972
RONCARO,9.27692361,45.22572761
ROSASCO,8.57927243,45.25030244
ROVESCALA,9.35012702,45.01374627
RUINO,9.27345180,44.92787354
SAN CIPRIANO PO,9.28086220,45.10908756
SAN DAMIANO AL COLLE,9.34857225,45.02712110
SAN GENESIO ED UNITI,9.17987326,45.23284900
SAN GIORGIO DI LOMELLINA,8.79111791,45.17380714
SAN MARTINO SICCOMARIO,9.13451976,45.15715963
SANNAZZARO DE' BURGONDI,8.90828982,45.10316308
SANTA CRISTINA E BISSONE,9.40113574,45.15679448
SANTA GIULETTA,9.18159447,45.03384034
SANT'ALESSIO CON VIALONE,9.22506259,45.22209769
SANTA MARGHERITA DI STAFFORA,9.24055817,44.77079137
SANTA MARIA DELLA VERSA,9.29994477,44.98468950
SANT'ANGELO LOMELLINA,8.64314480,45.24662130
SAN ZENONE AL PO,9.36114462,45.10854539
SARTIRANA LOMELLINA,8.66185489,45.11434048
SCALDASOLE,8.91019032,45.12493797
SEMIANA,8.72970509,45.13736987
SILVANO PIETRA,8.94817867,45.03996573
SIZIANO,9.19872487,45.32016711
SOMMO,9.08377546,45.13223484
SPESSA,9.34922713,45.11373851
STRADELLA,9.29516730,45.07530591
SUARDI,8.74304811,45.02945257
TORRAZZA COSTE,9.08644549,44.97654992
TORRE BERETTI E CASTELLARO,8.67030548,45.05996692
TORRE D'ARESE,9.31681664,45.24240140
TORRE DE' NEGRI,9.33560207,45.15066298
TORRE D'ISOLA,9.07639687,45.21746495
TORREVECCHIA PIA,9.29792661,45.28286993
TORRICELLA VERZATE,9.17584206,45.01559546
TRAVACO SICCOMARIO,9.16151622,45.15248202
TRIVOLZIO,9.04708121,45.26094339
TROMELLO,8.86959755,45.21183831
TROVO,9.03576818,45.28284959
VAL DI NIZZA,9.16683303,44.87933288
VALEGGIO,8.86129109,45.15064328
VALLE LOMELLINA,8.66495548,45.14711708
VALLE SALIMBENE,9.23298223,45.16962743
VALVERDE,9.23333357,44.86440068
VARZI,9.19627250,44.82199953
VELEZZO LOMELLINA,8.73721007,45.16370704
VELLEZZO BELLINI,9.10213278,45.26952835
VERRETTO,9.10769690,45.04004064
VERRUA PO,9.17316700,45.11132967
VIDIGULFO,9.23483143,45.29187437
VIGEVANO,8.85987557,45.31761391
VILLA BISCOSSI,8.78668897,45.08995761
VILLANOVA D'ARDENGHI,9.04324484,45.17133665
VILLANTERIO,9.36041071,45.22071855
VISTARINO,9.30645859,45.21147861
VOGHERA,9.00852362,44.99312509
VOLPARA,9.29747619,44.95378870
ZAVATTARELLO,9.26543670,44.86874500
ZECCONE,9.19841152,45.26093049
ZEME,8.66631170,45.19492928
ZENEVREDO,9.32664307,45.05390342
ZERBO,9.39545253,45.11055284
ZERBOLO,9.01438660,45.20676064
ZINASCO,9.02849669,45.12824661
CORNALE E BASTIDA,8.91089,45.0439
CORTEOLONA E GENZONE,9.3704,45.1588
ACQUANEGRA CREMONESE,9.88878548,45.16831524
AGNADELLO,9.55920587,45.44713529
ANNICCO,9.88185079,45.24474357
AZZANELLO,9.91970439,45.31311906
BAGNOLO CREMASCO,9.60916312,45.36153682
BONEMERSE,10.07836814,45.11404791
BORDOLANO,9.98705144,45.29285106
CA' D'ANDREA,10.27759481,45.11917122
CALVATONE,10.44206219,45.12883088
CAMISANO,9.74619291,45.44259064
CAMPAGNOLA CREMASCA,9.66944164,45.39913388
CAPERGNANICA,9.64414845,45.33808233
CAPPELLA CANTONE,9.83810498,45.24652266
CAPPELLA DE' PICENARDI,10.23012535,45.15912616
CAPRALBA,9.64243814,45.44227445
CASALBUTTANO ED UNITI,9.96168245,45.25201488
CASALE CREMASCO-VIDOLASCO,9.71390281,45.43160829
CASALETTO CEREDANO,9.61679215,45.31812763
CASALETTO DI SOPRA,9.78130227,45.41861722
CASALETTO VAPRIO,9.62904260,45.40727512
CASALMAGGIORE,10.41378078,44.98742209
CASALMORANO,9.89784097,45.28708993
CASTELDIDONE,10.40578209,45.07067841
CASTEL GABBIANO,9.71762345,45.46846383
CASTELLEONE,9.76489432,45.29350315
CASTELVERDE,9.99696281,45.18570753
CASTELVISCONTI,9.94220743,45.30567509
CELLA DATI,10.22126378,45.09615732
CHIEVE,9.61612290,45.33750304
CICOGNOLO,10.19404190,45.16761765
CINGIA DE' BOTTI,10.27527725,45.08416020
CORTE DE' CORTESI CON CIGNONE,10.00735107,45.27264649
CORTE DE FRATI,10.09695797,45.22006346
CORTE DE' FRATI,10.09695797,45.22006346
CORTE DEI FRATI,10.09695797,45.22006346
CREDERA RUBBIANO,9.65512749,45.30286286
CREMA,9.68736190,45.36329144
CREMONA,10.02420865,45.13336675
CREMOSANO,9.64028087,45.39578850
CROTTA D'ADDA,9.85252768,45.16136831
CUMIGNANO SUL NAVIGLIO,9.83631833,45.35455461
DEROVERE,10.24830654,45.11014217
DOVERA,9.53819770,45.36350267
DRIZZONA,10.34969182,45.14025008
FIESCO,9.77855341,45.33639762
FORMIGARA,9.77073788,45.22306217
GABBIONETA-BINANUOVA,10.22168010,45.21581505
GADESCO-PIEVE DELMONA,10.11603436,45.15529613
GENIVOLTA,9.87778112,45.33487444
GERRE DE' CAPRIOLI,10.03838081,45.10680778
GOMBITO,9.73002160,45.26222878
GRONTARDO,10.15161743,45.20140495
GRUMELLO CREMONESE ED UNITI,9.86736262,45.19324785
GUSSOLA,10.34635794,45.00988015
ISOLA DOVARESE,10.31183922,45.17346097
IZANO,9.75509291,45.35573177
MADIGNANO,9.72762376,45.34334663
MALAGNINO,10.11422694,45.13494893
MARTIGNANA DI PO,10.37927438,45.01090343
MONTE CREMASCO,9.57285773,45.37223703
MONTODINE,9.71079969,45.28626458
MOSCAZZANO,9.68132273,45.29357867
MOTTA BALUFFI,10.25959107,45.05446451
OFFANENGO,9.74131684,45.38160349
OLMENETA,10.02474325,45.23446724
OSTIANO,10.24873256,45.22180341
PADERNO PONCHIELLI,9.92758336,45.23876047
PALAZZO PIGNANO,9.57793306,45.38905006
PANDINO,9.55269092,45.40668143
PERSICO DOSIMO,10.10335531,45.18462151
PESCAROLO ED UNITI,10.18509595,45.19704222
PESSINA CREMONESE,10.24812085,45.18504294
PIADENA,10.36788370,45.13115093
PIANENGO,9.69280925,45.40046685
PIERANICA,9.61072341,45.42516414
PIEVE D'OLMI,10.12205833,45.09182746
PIEVE SAN GIACOMO,10.18674451,45.12808126
PIZZIGHETTONE,9.78313165,45.18664763
POZZAGLIO ED UNITI,10.04846986,45.20096583
QUINTANO,9.61843663,45.42024179
RICENGO,9.72366022,45.40554807
RIPALTA ARPINA,9.72730407,45.30163222
RIPALTA CREMASCA,9.69085968,45.33548635
RIPALTA GUERINA,9.70454366,45.30599095
RIVAROLO DEL RE ED UNITI,10.46878910,45.02785830
RIVOLTA D'ADDA,9.51356807,45.46963995
ROBECCO D'OGLIO,10.07860016,45.26006795
ROMANENGO,9.78545791,45.37734979
SALVIROLA,9.78035753,45.35457978
SAN BASSANO,9.81348816,45.24650968
SAN DANIELE PO,10.17634391,45.06726612
SAN GIOVANNI IN CROCE,10.37841100,45.07745004
SAN MARTINO DEL LAGO,10.31565993,45.07242871
SCANDOLARA RAVARA,10.30212945,45.05308515
SCANDOLARA RIPA D'OGLIO,10.15714461,45.22170438
SERGNANO,9.70478826,45.42811556
SESTO ED UNITI,9.91670824,45.17550294
SOLAROLO RAINERIO,10.35708680,45.08126027
SONCINO,9.87356025,45.39988968
SORESINA,9.85425666,45.28863511
SOSPIRO,10.15925599,45.10565613
SPINADESCO,9.92828507,45.14822339
SPINEDA,10.51651065,45.06039475
SPINO D'ADDA,9.49243269,45.40052368
STAGNO LOMBARDO,10.08795842,45.07323308
TICENGO,9.82820963,45.36915344
TORLINO VIMERCATI,9.59681136,45.41851042
TORNATA,10.43084995,45.10466712
TORRE DE' PICENARDI,10.28686148,45.14400071
TORRICELLA DEL PIZZO,10.29564633,45.02004282
TRESCORE CREMASCO,9.62544229,45.40165920
TRIGOLO,9.81161994,45.32926498
VAIANO CREMASCO,9.59127217,45.37249775
VAILATE,9.60501009,45.46162258
VESCOVATO,10.16811976,45.17636519
VOLONGO,10.30250641,45.21154507
VOLTIDO,10.33339356,45.11175931
ACQUANEGRA SUL CHIESE,10.43338521,45.16049553
ASOLA,10.41432135,45.22055281
BAGNOLO SAN VITO,10.88141283,45.09248928
BIGARELLO,10.89839216,45.18012071
BORGOFRANCO SUL PO,11.20473631,45.04941983
BOZZOLO,10.48451639,45.10531346
CANNETO SULL'OGLIO,10.37540525,45.15029003
CARBONARA DI PO,11.22920362,45.03536191
CASALMORO,10.40798158,45.25899570
CASALOLDO,10.48213987,45.25257166
CASALROMANO,10.36510881,45.19729890
CASTELBELFORTE,10.89219834,45.21408104
CASTEL D'ARIO,10.97140460,45.18572114
CASTEL GOFFREDO,10.47462636,45.29795068
CASTELLUCCHIO,10.64451007,45.14673489
CASTIGLIONE DELLE STIVIERE,10.49104943,45.38649590
CAVRIANA,10.60099734,45.34991118
CERESARA,10.56562252,45.26332286
COMMESSAGGIO,10.54534234,45.03460205
CURTATONE,10.71627090,45.13376694
DOSOLO,10.64141144,44.95374837
GAZOLDO DEGLI IPPOLITI,10.57957827,45.19989216
GAZZUOLO,10.58184611,45.06885217
GOITO,10.67547029,45.25521903
GONZAGA,10.82119368,44.95474885
GUIDIZZOLO,10.58352910,45.31803119
MAGNACAVALLO,11.18473670,45.00462322
MANTOVA,10.79277363,45.15726772
MARCARIA,10.53358846,45.11961873
MARIANA MANTOVANA,10.48761640,45.19403347
MARMIROLO,10.75731353,45.22234005
MEDOLE,10.50745401,45.32707278
MOGLIA,10.91192569,44.93033909
MONZAMBANO,10.69313808,45.38711484
MOTTEGGIANA,10.76444048,45.03144077
OSTIGLIA,11.13143318,45.06890884
PEGOGNAGA,10.85904901,44.99610137
PIEVE DI CORIANO,11.10811985,45.03293697
PIUBEGA,10.53502787,45.22757240
POGGIO RUSCO,11.11882241,44.97742721
POMPONESCO,10.59041521,44.92807036
PONTI SUL MINCIO,10.68746271,45.41155546
PORTO MANTOVANO,10.79001314,45.18877514
QUINGENTOLE,11.04575205,45.03988120
QUISTELLO,10.98043645,45.00906722
REDONDESCO,10.51284971,45.16667057
REVERE,11.12697807,45.05788625
RIVAROLO MANTOVANO,10.43101188,45.07056103
RODIGO,10.62430268,45.19935682
RONCOFERRARO,10.95100592,45.13324175
ROVERBELLA,10.76451212,45.26503872
SABBIONETA,10.48991359,44.99975993
SAN BENEDETTO PO,10.92848767,45.04107354
SAN GIACOMO DELLE SEGNATE,11.03316413,44.97181021
SAN GIORGIO DI MANTOVA,10.84589851,45.16526842
SAN GIOVANNI DEL DOSSO,11.08112346,44.96608634
SAN MARTINO DALL'ARGINE,10.52014901,45.10070268
SCHIVENOGLIA,11.07747756,44.99115212
SERMIDE E FELONICA,11.29896910,45.00602954
SERRAVALLE A PO,11.07981063,45.06565239
SOLFERINO,10.57297894,45.37181299
SUSTINENTE,11.01814371,45.06881028
SUZZARA,10.74561894,44.99023318
VIADANA,10.52143199,44.92611892
VILLA POMA,11.11664577,44.99915395
VILLIMPENTA,11.02938950,45.14494130
VOLTA MANTOVANA,10.65949338,45.31957585
BORGO VIRGILIO,10.7750,45.0880
ALDINO,11.35402888,46.36783596
ANDRIANO,11.23293128,46.52023315
ANTERIVO,11.36675092,46.27749460
APPIANO SULLA STRADA DEL VINO,11.25885656,46.45527585
AVELENGO,11.22475188,46.64671212
BADIA,11.89342082,46.61067544
BARBIANO,11.51987095,46.60364899
BOLZANO,11.35662422,46.49933453
BRAIES,12.13256950,46.71973406
BRENNERO,11.44322879,46.93771816
BRESSANONE,11.65699492,46.71643929
BRONZOLO,11.31989385,46.40460343
BRUNICO,11.93729840,46.79738401
CAINES,11.17529930,46.69651650
CALDARO SULLA STRADA DEL VINO,11.24515892,46.41317465
CAMPO DI TRENS,11.48395496,46.87111849
CAMPO TURES,11.95188039,46.91992376
CASTELBELLO-CIARDES,10.90114298,46.62831219
CASTELROTTO,11.55946126,46.56780623
CERMES,11.14503298,46.63279289
CHIENES,11.83631922,46.80644678
CHIUSA,11.56809214,46.64167054
CORNEDO ALL'ISARCO,11.39267489,46.49425422
CORTACCIA SULLA STRADA DEL VINO,11.22355148,46.31331764
CORTINA SULLA STRADA DEL VINO,11.22259368,46.26868917
CORVARA IN BADIA,11.87452330,46.55291042
CURON VENOSTA,10.54216821,46.80669161
DOBBIACO,12.22019811,46.73551057
EGNA,11.27282548,46.31387437
FALZES,11.88265320,46.81174970
FIE ALLO SCILIAR,11.50139797,46.51753578
FORTEZZA,11.61256174,46.78644534
FUNES,11.68057452,46.64226751
GAIS,11.94773350,46.83527700
GARGAZZONE,11.20131739,46.58471676
GLORENZA,10.55567836,46.67116521
LACES,10.85946518,46.61763702
LAGUNDO,11.11775573,46.67753737
LAION,11.56460096,46.60876374
LAIVES,11.33846501,46.42648803
LANA,11.14529160,46.61611260
LASA,10.69756468,46.61787377
LAUREGNO,11.06224733,46.45420512
LUSON,11.76072155,46.74589084
MAGRE SULLA STRADA DEL VINO,11.20897141,46.28686737
MALLES VENOSTA,10.54480017,46.68953918
MAREBBE,11.93270219,46.69754471
MARLENGO,11.14041814,46.65479398
MARTELLO,10.78260147,46.56632365
MELTINA,11.25557484,46.58637551
MERANO,11.16183780,46.67176409
MONGUELFO-TESIDO,12.10478072,46.75693562
MONTAGNA,11.30272954,46.33134760
MOSO IN PASSIRIA,11.16900266,46.83012323
NALLES,11.20422581,46.54109648
NATURNO,11.00533290,46.65103584
NAZ-SCIAVES,11.66584939,46.77053266
NOVA LEVANTE,11.53555423,46.42978743
NOVA PONENTE,11.42559558,46.41411435
ORA,11.29831873,46.34811537
ORTISEI,11.67180248,46.57611397
PARCINES,11.07350936,46.68442230
PERCA,11.98322218,46.79145734
PLAUS,11.04236898,46.65569401
PONTE GARDENA,11.53033945,46.59706769
POSTAL,11.19154810,46.60962930
PRATO ALLO STELVIO,10.58959468,46.61756490
PREDOI,12.10286682,47.03849873
PROVES,11.02231835,46.47617681
RACINES,11.37850769,46.88271114
RASUN-ANTERSELVA,12.04933480,46.78077135
RENON,11.46302020,46.53670501
RIFIANO,11.18033767,46.70159182
RIO DI PUSTERIA,11.66780079,46.79702773
RODENGO,11.69495569,46.77932062
SALORNO,11.21297097,46.23910790
SAN CANDIDO,12.28204175,46.73242428
SAN GENESIO ATESINO,11.33158202,46.53564865
SAN LEONARDO IN PASSIRIA,11.24328928,46.81167592
SAN LORENZO DI SEBATO,11.90177375,46.78352784
SAN MARTINO IN BADIA,11.89801735,46.68188900
SAN MARTINO IN PASSIRIA,11.22695600,46.78260956
SAN PANCRAZIO,11.08504315,46.58690151
SANTA CRISTINA VALGARDENA,11.72132932,46.55853007
SARENTINO,11.35624145,46.64270185
SCENA,11.18728565,46.69005377
SELVA DEI MOLINI,11.86059136,46.89130115
SELVA DI VAL GARDENA,11.75880704,46.55599324
SENALES,10.90957203,46.70539541
SESTO,12.35031535,46.70209527
SILANDRO,10.77314173,46.62793135
SLUDERNO,10.58533678,46.66422759
STELVIO,10.54555359,46.59769763
TERENTO,11.77656972,46.82894661
TERLANO,11.24964200,46.52883169
TERMENO SULLA STRADA DEL VINO,11.23934849,46.34140482
TESIMO,11.16913009,46.56409126
TIRES,11.52769626,46.46717216
TIROLO,11.15357574,46.69045029
TRODENA NEL PARCO NATURALE,11.34933722,46.32292639
TUBRE,10.46436095,46.64602194
ULTIMO,11.00306602,46.54883009
VADENA,11.30517982,46.41449692
VALDAORA,12.03097430,46.76140696
VAL DI VIZZE,11.46246781,46.89971353
VALLE AURINA,11.98080229,46.99686383
VALLE DI CASIES,12.22719988,46.81102783
VANDOIES,11.72213188,46.81614527
VARNA,11.63583954,46.74006051
VERANO,11.22574181,46.60511072
VILLABASSA,12.16906700,46.73775971
VILLANDRO,11.53982510,46.63140507
VIPITENO,11.43179468,46.89797220
VELTURNO,11.60009608,46.66947108
LA VALLE,11.92581012,46.65661658
SENALE-SAN FELICE,11.13247907,46.49215807
ALA,11.00475333,45.75676703
ALBIANO,11.19376768,46.14520833
ALDENO,11.09131825,45.97728775
ANDALO,11.00328730,46.16487823
ARCO,10.88619330,45.91928662
AVIO,10.94154266,45.73545329
BASELGA DI PINE,11.24452690,46.12998915
BEDOLLO,11.30321802,46.16142431
BESENELLO,11.10618753,45.94568733
BIENO,11.55368850,46.08024712
BLEGGIO SUPERIORE,10.83705955,46.02532750
BOCENAGO,10.75908629,46.11843068
BONDONE,10.55125567,45.80542077
BORGO VALSUGANA,11.45648568,46.05304141
BRENTONICO,10.95493373,45.81886908
BRESIMO,10.96861301,46.41044397
BREZ,11.10727867,46.43104038
CADERZONE TERME,10.75692332,46.12941256
CAGNO,11.04211957,46.39464733
CALCERANICA AL LAGO,11.24237540,46.00375375
CALDES,10.94281250,46.36513314
CALDONAZZO,11.26184714,45.99140479
CALLIANO,11.09432828,45.93427130
CAMPITELLO DI FASSA,11.74009284,46.47574796
CAMPODENNO,11.03336746,46.25731146
CANAL SAN BOVO,11.73137986,46.15631465
CANAZEI,11.77129957,46.47683463
CAPRIANA,11.33917050,46.26297128
CARANO,11.44005630,46.29230220
CARISOLO,10.76386451,46.16904792
CARZANO,11.49362910,46.07087639
CASTEL CONDINO,10.60283973,45.91521143
CASTELFONDO,11.11655375,46.45597424
CASTELLO-MOLINA DI FIEMME,11.43470654,46.28124969
CASTELLO TESINO,11.63370534,46.06241572
CASTELNUOVO,11.49419964,46.05226247
CAVALESE,11.46043364,46.29129819
CAVARENO,11.13660275,46.40791510
CAVEDAGO,11.02805643,46.18352917
CAVEDINE,10.97082265,45.99391529
CAVIZZANA,10.95837224,46.36818861
CIMONE,11.06846607,45.97819064
CINTE TESINO,11.61619434,46.05436920
CIS,11.00233845,46.40005451
CIVEZZANO,11.17963203,46.09005862
CLES,11.03564375,46.36440465
CLOZ,11.08663729,46.41892512
COMMEZZADURA,10.83926199,46.32122317
CROVIANA,10.90454728,46.34463628
DAIANO,11.44788293,46.30067015
DAMBEL,11.09302262,46.40491482
DENNO,11.05132614,46.27435425
DRENA,10.94459630,45.97116910
DRO,10.91181570,45.96254924
FAEDO,11.16248613,46.19272600
FAI DELLA PAGANELLA,11.06956080,46.17838429
FIAVE,10.84202477,46.00480690
FIEROZZO,11.31823589,46.11178063
FOLGARIA,11.17014101,45.91663324
FONDO,11.13606457,46.44012582
FORNACE,11.20580077,46.11723367
FRASSILONGO,11.29212297,46.08565885
GARNIGA TERME,11.08588791,46.00482982
GIOVO,11.15168070,46.15682949
GIUSTINO,10.76847784,46.14878032
GRIGNO,11.63561779,46.01717508
IMER,11.79680143,46.15109445
ISERA,11.00835210,45.88707570
LAVARONE,11.26970396,45.93938938
LAVIS,11.11173415,46.13971519
LEVICO TERME,11.30232766,46.01101281
LIVO,11.01916869,46.40554978
LONA-LASES,11.21882443,46.14679565
LUSERNA,11.32439104,45.92193218
MALE,10.91248259,46.35269834
MALOSCO,11.14452350,46.43499359
MASSIMENO,10.77300566,46.14230500
MAZZIN,11.72840998,46.47036363
MEZZANA,10.80277007,46.31580915
MEZZANO,11.80595311,46.15452726
MEZZOCORONA,11.11849988,46.21649042
MEZZOLOMBARDO,11.09051799,46.21351447
MOENA,11.66021931,46.37660648
MOLVENO,10.96625350,46.14288959
MORI,10.97549449,45.85195052
NAGO-TORBOLE,10.87605352,45.87057555
NAVE SAN ROCCO,11.10735653,46.16668990
NOGAREDO,11.02309066,45.91201029
NOMI,11.07125718,45.92895668
NOVALEDO,11.36579931,46.02257583
OSPEDALETTO,11.55290300,46.04363279
OSSANA,10.73804321,46.30627677
PALU DEL FERSINA,11.35213410,46.12990840
PANCHIA,11.54223220,46.28567937
RONZO-CHIENIS,10.94990671,45.89079928
PEIO,10.68907789,46.35528769
PELLIZZANO,10.76056510,46.30938639
PELUGO,10.72334177,46.08811132
PERGINE VALSUGANA,11.24049381,46.06031750
PIEVE TESINO,11.61057369,46.06901125
PINZOLO,10.76660594,46.16001113
POMAROLO,11.04305509,45.92679872
POZZA DI FASSA,11.68654422,46.43070096
PREDAZZO,11.60278164,46.31256391
RABBI,10.85065549,46.39825276
REVO,11.05782178,46.39103316
RIVA DEL GARDA,10.83888821,45.88504406
ROMALLO,11.06836216,46.39783103
ROMENO,11.12018975,46.39439766
RONCEGNO TERME,11.40968867,46.05098573
RONCHI VALSUGANA,11.43429735,46.06713704
RONZONE,11.14999907,46.42333978
ROVERE DELLA LUNA,11.16960836,46.24998794
ROVERETO,11.04517514,45.88648404
RUFFRE-MENDOLA,11.17746883,46.41450529
RUMO,11.01732679,46.44106943
SAGRON MIS,11.94327632,46.19492556
SAMONE,11.52037588,46.08187379
SAN MICHELE ALL'ADIGE,11.13405098,46.19266460
SANT'ORSOLA TERME,11.30255790,46.10820010
SANZENO,11.06805927,46.37441809
SARNONICO,11.14140892,46.42004432
SCURELLE,11.50758651,46.06448377
SEGONZANO,11.25876580,46.19036068
SFRUZ,11.11547195,46.33716824
SORAGA DI FASSA,11.66881239,46.39603664
SOVER,11.31532726,46.22118281
SPIAZZO,10.73679917,46.10284998
SPORMAGGIORE,11.04822748,46.21857725
SPORMINORE,11.03119056,46.23711782
STENICO,10.85359956,46.05301338
STORO,10.58018609,45.84927357
STREMBO,10.75161495,46.12001215
TELVE,11.47888916,46.07144614
TELVE DI SOPRA,11.47255576,46.07231279
TENNA,11.26629510,46.01458390
TENNO,10.83264413,45.91860092
TERRAGNOLO,11.15303950,45.87870200
TERZOLAS,10.92611911,46.36137070
TESERO,11.51118835,46.28933907
TIONE DI TRENTO,10.72326426,46.03171404
TON,11.08570405,46.26589858
TORCEGNO,11.45001604,46.07328260
TRAMBILENO,11.07340897,45.86969867
TRENTO,11.12123097,46.06893511
VALFLORIANA,11.34214006,46.24896578
VALLARSA,11.11763173,45.78259232
VARENA,11.45600650,46.30335570
VERMIGLIO,10.69285089,46.29882667
VIGNOLA-FALESINA,11.27816706,46.04391844
VIGO DI FASSA,11.67334680,46.42040429
VILLA LAGARINA,11.03184685,45.91604151
VOLANO,11.06079067,45.91719314
ZAMBANA,11.09603972,46.15125132
ZIANO DI FIEMME,11.56112305,46.28646875
COMANO TERME,10.86885220,46.03166101
LEDRO,10.73311322,45.88870857
PREDAIA,11.0731,46.3234
SAN LORENZO DORSINO,10.9095,46.0775
VALDAONE,10.6221,45.9481
DIMARO FOLGARIDA,10.8718,46.3271
PIEVE DI BONO-PREZZO,10.6413,45.9431
ALTAVALLE,11.2383,46.1822
ALTOPIANO DELLA VIGOLANA,11.1997,46.0065
AMBLAR-DON,11.1375,46.3902
BORGO CHIESE,10.6013,45.8906
BORGO LARES,10.7521,46.0352
CASTEL IVANO,11.5211,46.0683
CEMBRA LISIGNAGO,11.2218,46.1746
CONTA,11.0241,46.3108
MADRUZZO,10.9841,46.0260
PORTE DI RENDENA,10.7121,46.0626
PRIMIERO SAN MARTINO DI CASTROZZA,11.8298,46.1771
SELLA GIUDICARIE,10.6692,45.9836
TRE VILLE,10.7783,46.0545
VALLELAGHI,11.0005,46.0800
VILLE D'ANAUNIA,11.0240,46.3298
AFFI,10.77315447,45.55157835
ALBAREDO D'ADIGE,11.26758294,45.31738813
ANGIARI,11.28372239,45.21802033
ARCOLE,11.28695082,45.35768001
BADIA CALAVENA,11.15635700,45.56389465
BARDOLINO,10.71966767,45.54709416
BELFIORE,11.20842171,45.38036769
BEVILACQUA,11.39819298,45.23344659
BONAVIGO,11.27970781,45.25754447
BOSCHI SANT'ANNA,11.35793023,45.21945717
BOSCO CHIESANUOVA,11.02941969,45.62213312
BOVOLONE,11.11706145,45.25798824
BRENTINO BELLUNO,10.89346482,45.65616869
BRENZONE SUL GARDA,10.76747345,45.70890340
BUSSOLENGO,10.84641902,45.47459264
BUTTAPIETRA,10.99849693,45.34198540
CALDIERO,11.18377975,45.41209588
CAPRINO VERONESE,10.79377937,45.60656855
CASALEONE,11.20022173,45.16977267
CASTAGNARO,11.41083411,45.12049934
CASTEL D'AZZANO,10.94400420,45.35358762
CASTELNUOVO DEL GARDA,10.76370019,45.44038139
CAVAION VERONESE,10.77168306,45.53828849
CAZZANO DI TRAMIGNA,11.20348545,45.47243910
CEREA,11.21287303,45.19202052
CERRO VERONESE,11.04159037,45.57418406
COLOGNA VENETA,11.38439416,45.31068675
COLOGNOLA AI COLLI,11.18671113,45.43439433
CONCAMARISE,11.13883353,45.20735525
COSTERMANO SUL GARDA,10.73848849,45.58656732
DOLCE,10.85270293,45.60004522
ERBE,10.96733995,45.24246329
ERBEZZO,11.00055525,45.64171145
FERRARA DI MONTE BALDO,10.85428478,45.67566724
FUMANE,10.88211313,45.54316629
GARDA,10.70702090,45.57496890
GAZZO VERONESE,11.10362120,45.14249825
GREZZANA,11.04763369,45.54636615
ILLASI,11.18418675,45.46593265
ISOLA DELLA SCALA,11.00753615,45.27366330
ISOLA RIZZA,11.19870989,45.29144000
LAVAGNO,11.13167087,45.44066715
LAZISE,10.73247071,45.50507105
LEGNAGO,11.30751817,45.19138954
MALCESINE,10.80781851,45.76284647
MARANO DI VALPOLICELLA,10.91541415,45.55384279
MEZZANE DI SOTTO,11.12755767,45.48107160
MINERBE,11.34069697,45.24175652
MONTECCHIA DI CROSARA,11.25318493,45.48539704
MONTEFORTE D'ALPONE,11.28505257,45.42225537
MOZZECANE,10.81771082,45.30970544
NEGRAR,10.93782510,45.53065538
NOGARA,11.06090553,45.17783990
NOGAROLE ROCCA,10.88371218,45.29164131
OPPEANO,11.17834990,45.30789824
PALU,11.15456840,45.32469174
PASTRENGO,10.80027342,45.49217619
PESCANTINA,10.86724425,45.48256141
PESCHIERA DEL GARDA,10.69194074,45.43913874
POVEGLIANO VERONESE,10.88092951,45.34726200
PRESSANA,11.40197974,45.28478649
RIVOLI VERONESE,10.81250539,45.57114567
RONCA,11.29014374,45.47945420
RONCO ALL'ADIGE,11.24641156,45.33570342
ROVERCHIARA,11.24789009,45.27241826
ROVEREDO DI GUA,11.44267592,45.27272571
ROVERE VERONESE,11.06565542,45.59333994
SALIZZOLE,11.08381420,45.24277230
SAN BONIFACIO,11.26992340,45.39592296
SAN GIOVANNI ILARIONE,11.23577605,45.52093328
SAN GIOVANNI LUPATOTO,11.05019475,45.38008715
SANGUINETTO,11.15117960,45.18274607
SAN MARTINO BUON ALBERGO,11.09313392,45.42214578
SAN MAURO DI SALINE,11.11247008,45.56520995
SAN PIETRO DI MORUBIO,11.23223844,45.24818430
SAN PIETRO IN CARIANO,10.88646128,45.51731003
SANT'AMBROGIO DI VALPOLICELLA,10.83367953,45.52462519
SANT'ANNA D'ALFAEDO,10.95108168,45.62713353
SAN ZENO DI MONTAGNA,10.73235851,45.63794962
SELVA DI PROGNO,11.13881990,45.61231964
SOAVE,11.24862237,45.42261572
SOMMACAMPAGNA,10.84040480,45.40710167
SONA,10.83266530,45.43402698
SORGA,10.98053690,45.21202822
TERRAZZO,11.39847200,45.17332700
TORRI DEL BENACO,10.68521785,45.60807997
TREGNAGO,11.16462080,45.51663794
TREVENZUOLO,10.93304145,45.27130528
VALEGGIO SUL MINCIO,10.73444725,45.35363970
VELO VERONESE,11.09589060,45.60528021
VERONA,10.99352685,45.43839046
VERONELLA,11.32049292,45.32308406
VESTENANOVA,11.22761990,45.57345303
VIGASIO,10.94334454,45.31745297
VILLA BARTOLOMEA,11.35332886,45.15928250
VILLAFRANCA DI VERONA,10.84673680,45.35080445
ZEVIO,11.13533549,45.37555774
ZIMELLA,11.33920608,45.36352253
AGUGLIARO,11.58490440,45.32397800
ALBETTONE,11.58518860,45.35832713
ALONTE,11.42661929,45.36584993
ALTAVILLA VICENTINA,11.46460545,45.51280375
ALTISSIMO,11.25123374,45.61513104
ARCUGNANO,11.55075114,45.49612153
ARSIERO,11.35034581,45.80361106
ARZIGNANO,11.33227401,45.52104336
ASIAGO,11.50911782,45.87570138
ASIGLIANO VENETO,11.44617803,45.30448851
BARBARANO VICENTINO,11.53957638,45.41001941
BASSANO DEL GRAPPA,11.73417428,45.76713634
BOLZANO VICENTINO,11.62206811,45.60072795
BREGANZE,11.56530663,45.70825991
BRENDOLA,11.45521671,45.46936370
BRESSANVIDO,11.63337487,45.64632826
BROGLIANO,11.36445049,45.58840264
CALDOGNO,11.50045986,45.61197969
CALTRANO,11.46056025,45.77031470
CALVENE,11.51222821,45.76589155
CAMISANO VICENTINO,11.71331790,45.52207011
CAMPIGLIA DEI BERICI,11.53902330,45.33669469
CAMPOLONGO SUL BRENTA,11.70229205,45.82764540
CARRE,11.45876776,45.74740715
CARTIGLIANO,11.69408163,45.71350485
CASSOLA,11.79893158,45.73258837
CASTEGNERO,11.59917249,45.43629541
CASTELGOMBERTO,11.39446599,45.58593478
CHIAMPO,11.28166114,45.54484880
CHIUPPANO,11.46409070,45.76130213
CISMON DEL GRAPPA,11.73155839,45.91895087
COGOLLO DEL CENGIO,11.42067648,45.78633484
CONCO,11.60516387,45.79833785
CORNEDO VICENTINO,11.34319580,45.61412912
COSTABISSARA,11.48766249,45.58544915
CREAZZO,11.47891333,45.53185379
CRESPADORO,11.22603326,45.61942225
DUEVILLE,11.54876502,45.63568959
ENEGO,11.70971745,45.93996639
FARA VICENTINO,11.54622632,45.74045266
FOZA,11.63075604,45.89624973
GALLIO,11.54916365,45.89236675
GAMBELLARA,11.34144585,45.46024868
GAMBUGLIANO,11.44008320,45.58871037
GRISIGNANO DI ZOCCO,11.69881754,45.47536152
GRUMOLO DELLE ABBADESSE,11.65897872,45.51622540
ISOLA VICENTINA,11.44151256,45.62964307
LAGHI,11.27323580,45.82422328
LASTEBASSE,11.26972979,45.91614794
LONGARE,11.60702140,45.47875810
LONIGO,11.38743210,45.38882824
LUGO DI VICENZA,11.52285737,45.75313291
LUSIANA,11.57676483,45.78627131
MALO,11.40443548,45.65864175
MARANO VICENTINO,11.43028802,45.69239216
MAROSTICA,11.65594798,45.74739086
MASON VICENTINO,11.60608269,45.71564268
MOLVENA,11.61222518,45.73374116
MONTEBELLO VICENTINO,11.38584039,45.45758965
MONTECCHIO MAGGIORE,11.40733711,45.50581770
MONTECCHIO PRECALCINO,11.56163342,45.66394881
MONTE DI MALO,11.36141421,45.66036987
MONTEGALDA,11.67286172,45.44351530
MONTEGALDELLA,11.67408930,45.43607940
MONTEVIALE,11.45789904,45.56075624
MONTICELLO CONTE OTTO,11.58046801,45.59526268
MONTORSO VICENTINO,11.36221682,45.48964758
MOSSANO,11.55056209,45.42020941
MUSSOLENTE,11.80118070,45.77897016
NANTO,11.59156379,45.42525542
NOGAROLE VICENTINO,11.28793126,45.55947576
NOVE,11.67925055,45.72461246
NOVENTA VICENTINA,11.54046115,45.29090677
ORGIANO,11.46648317,45.35159051
PEDEMONTE,11.30587602,45.90852413
PIANEZZE,11.62485617,45.73872318
PIOVENE ROCCHETTE,11.43021106,45.75878286
POJANA MAGGIORE,11.50137755,45.29206822
POSINA,11.26119293,45.79038790
POVE DEL GRAPPA,11.72905121,45.79890280
POZZOLEONE,11.67925911,45.64912440
QUINTO VICENTINO,11.62502675,45.57305624
RECOARO TERME,11.22602664,45.70511802
ROANA,11.47829848,45.86856467
ROMANO D'EZZELINO,11.77070358,45.77455276
ROSA,11.76154737,45.72476307
ROSSANO VENETO,11.79989962,45.70506862
ROTZO,11.40041599,45.86389841
SALCEDO,11.56575973,45.75846117
SANDRIGO,11.60278141,45.66132289
SAN NAZARIO,11.68946890,45.84109352
SAN PIETRO MUSSOLINO,11.25814473,45.58730477
SANTORSO,11.38872662,45.73769126
SAN VITO DI LEGUZZANO,11.37618523,45.68175160
SARCEDO,11.52618688,45.70807199
SAREGO,11.40501801,45.40713279
SCHIAVON,11.64427868,45.69774909
SCHIO,11.35693630,45.71305838
SOLAGNA,11.71799623,45.81691835
SOSSANO,11.50993774,45.35856611
SOVIZZO,11.44311405,45.52658981
TEZZE SUL BRENTA,11.70438460,45.68743489
THIENE,11.47834926,45.70731095
TONEZZA DEL CIMONE,11.34624499,45.85817388
TORREBELVICINO,11.30659415,45.71663937
TORRI DI QUARTESOLO,11.61629167,45.51956158
TRISSINO,11.37421844,45.56514048
VALDAGNO,11.29947777,45.64537815
VALDASTICO,11.36335101,45.88324500
VALLI DEL PASUBIO,11.25985618,45.74179583
VALSTAGNA,11.65762256,45.86064391
VELO D'ASTICO,11.36618740,45.78864682
VICENZA,11.54597109,45.54749699
VILLAGA,11.53399082,45.40228544
VILLAVERLA,11.49358505,45.65498251
ZANE,11.45407587,45.72061342
ZERMEGHEDO,11.36889383,45.47543474
ZOVENCEDO,11.50265841,45.42799790
ZUGLIANO,11.52142910,45.73361151
VAL LIONA,11.4641,45.4208
AGORDO,12.03334539,46.28146762
ALANO DI PIAVE,11.90910600,45.90803048
ALLEGHE,12.02054508,46.40628388
ARSIE,11.75713827,45.98441935
AURONZO DI CADORE,12.44484194,46.55022260
BELLUNO,12.21704167,46.13837528
BORCA DI CADORE,12.21876708,46.43812191
CALALZO DI CADORE,12.38057214,46.44728055
CENCENIGHE AGORDINO,11.96626282,46.35125355
CESIOMAGGIORE,11.98716970,46.08869043
CHIES D'ALPAGO,12.38684047,46.17265521
CIBIANA DI CADORE,12.29077183,46.39170291
COLLE SANTA LUCIA,12.01428610,46.44728947
COMELICO SUPERIORE,12.51601408,46.58875410
CORTINA D'AMPEZZO,12.13849837,46.53665759
DANTA DI CADORE,12.52005181,46.56695409
DOMEGGE DI CADORE,12.41577376,46.46029547
FALCADE,11.87275512,46.35826889
FELTRE,11.90990666,46.01782570
FONZASO,11.79959802,46.01779740
CANALE D'AGORDO,11.91485046,46.36046517
GOSALDO,11.95622264,46.22054916
LAMON,11.74863300,46.04727464
LA VALLE AGORDINA,12.06809530,46.28216156
LENTIAI,12.02084611,46.04484151
LIMANA,12.18027290,46.09913641
LIVINALLONGO DEL COL DI LANA,11.95439152,46.48148087
LORENZAGO DI CADORE,12.45904559,46.48010600
LOZZO DI CADORE,12.44296923,46.48468002
MEL,12.07941813,46.06240110
OSPITALE DI CADORE,12.32348069,46.32910295
PEDAVENA,11.88143634,46.03938840
PERAROLO DI CADORE,12.35529812,46.39739380
PIEVE DI CADORE,12.37484327,46.42936956
PONTE NELLE ALPI,12.30135502,46.17299811
RIVAMONTE AGORDINO,12.02447609,46.25343637
ROCCA PIETORE,11.97753959,46.43470659
SAN GREGORIO NELLE ALPI,12.02628185,46.10324431
SAN NICOLO DI COMELICO,12.52757476,46.58223020
SAN PIETRO DI CADORE,12.58599490,46.57068179
SANTA GIUSTINA,12.04245466,46.08338157
SAN TOMASO AGORDINO,11.97526948,46.38119584
SANTO STEFANO DI CADORE,12.54967101,46.55776559
SAN VITO DI CADORE,12.20479218,46.46014853
SAPPADA,12.68327803,46.56583815
SEDICO,12.09709350,46.11086562
SELVA DI CADORE,12.03441589,46.45152121
SEREN DEL GRAPPA,11.84358065,45.98878641
SOSPIROLO,12.07315918,46.14199626
SOVERZENE,12.30371082,46.20376509
SOVRAMONTE,11.78655496,46.05658939
TAIBON AGORDINO,12.01330881,46.29879566
TAMBRE,12.42311882,46.12934120
TRICHIANA,12.13606586,46.06772796
VALLADA AGORDINA,11.93091950,46.36814758
VALLE DI CADORE,12.32782408,46.41704431
VIGO DI CADORE,12.47122310,46.49967004
VODO CADORE,12.25031842,46.41810062
VOLTAGO AGORDINO,12.00492985,46.27198279
ZOPPE DI CADORE,12.17264345,46.38639193
QUERO VAS,11.9208,45.9405
LONGARONE,12.3,46.2666
ALPAGO,12.3525,46.1263
VAL DI ZOLDO,12.1830,46.3487
ALTIVOLE,11.95579071,45.75399040
ARCADE,12.21902869,45.78501021
ASOLO,11.91236715,45.80217304
BORSO DEL GRAPPA,11.79930684,45.82099181
BREDA DI PIAVE,12.33099505,45.72409990
CAERANO DI SAN MARCO,12.00115938,45.78526897
CAPPELLA MAGGIORE,12.36259492,45.96900509
CARBONERA,12.28902247,45.68157107
CASALE SUL SILE,12.32562804,45.59747105
CASIER,12.25497457,45.63422021
CASTELCUCCO,11.88382755,45.83318302
CASTELFRANCO VENETO,11.92639656,45.67135950
CASTELLO DI GODEGO,11.88101881,45.69213930
CAVASO DEL TOMBA,11.89521161,45.86034450
CESSALTO,12.61379710,45.71275461
CHIARANO,12.58213662,45.72841045
CIMADOLMO,12.36129567,45.78770133
CISON DI VALMARINO,12.14322163,45.97001173
CODOGNE,12.42960265,45.87033061
COLLE UMBERTO,12.34151373,45.94051353
CONEGLIANO,12.29772652,45.88717298
CORDIGNANO,12.41545245,45.94895396
CORNUDA,12.00822039,45.83182956
CRESPANO DEL GRAPPA,11.83877907,45.82729401
CROCETTA DEL MONTELLO,12.03524524,45.82493568
FARRA DI SOLIGO,12.12658368,45.90543390
FOLLINA,12.11894993,45.95280564
FONTANELLE,12.46824407,45.83092189
FONTE,11.86728087,45.78793779
FREGONA,12.33941755,46.00746944
GAIARINE,12.48167791,45.88046047
GIAVERA DEL MONTELLO,12.16928942,45.79379271
GODEGA DI SANT'URBANO,12.39779903,45.93172971
GORGO AL MONTICANO,12.55434462,45.78546694
ISTRANA,12.10328328,45.67767069
LORIA,11.86653396,45.72835905
MANSUE,12.53758696,45.82211552
MARENO DI PIAVE,12.35218627,45.84085592
MASER,11.97199708,45.80745333
MASERADA SUL PIAVE,12.31849257,45.74969489
MEDUNA DI LIVENZA,12.61350058,45.80524670
MIANE,12.09097425,45.94290515
MOGLIANO VENETO,12.23645377,45.56158644
MONASTIER DI TREVISO,12.43574158,45.64952077
MONFUMO,11.92035358,45.83047344
MONTEBELLUNA,12.04511131,45.77612579
MORGANO,12.08347971,45.63435570
MORIAGO DELLA BATTAGLIA,12.10660135,45.86690701
MOTTA DI LIVENZA,12.61025463,45.77664033
NERVESA DELLA BATTAGLIA,12.20742259,45.82448857
ODERZO,12.49312816,45.78088560
ORMELLE,12.42014379,45.77874437
ORSAGO,12.42359612,45.93087785
PADERNO DEL GRAPPA,11.85247417,45.82652202
PAESE,12.15353540,45.67164128
PEDEROBBA,11.98581980,45.86083922
PIEVE DI SOLIGO,12.17467924,45.90000744
PONTE DI PIAVE,12.46395801,45.71601581
PONZANO VENETO,12.20710968,45.71909082
PORTOBUFFOLE,12.53844639,45.85392083
POSSAGNO,11.88144288,45.85468919
POVEGLIANO,12.20589471,45.75996116
PREGANZIOL,12.23509280,45.60142391
QUINTO DI TREVISO,12.16602180,45.64599842
REFRONTOLO,12.20793062,45.92513984
RESANA,11.95553095,45.63431959
REVINE LAGO,12.23174589,45.99209099
RIESE PIO X,11.91677129,45.72967365
RONCADE,12.37395321,45.63038435
SALGAREDA,12.49467610,45.70342899
SAN BIAGIO DI CALLALTA,12.37749251,45.68476004
SAN FIOR,12.35840806,45.92083905
SAN PIETRO DI FELETTO,12.25162708,45.91304227
SAN POLO DI PIAVE,12.39415080,45.79118761
SANTA LUCIA DI PIAVE,12.28427107,45.84917801
SAN VENDEMIANO,12.33902208,45.89125168
SAN ZENONE DEGLI EZZELINI,11.84033890,45.77891765
SARMEDE,12.38636097,45.97850128
SEGUSINO,11.95407027,45.91669813
SERNAGLIA DELLA BATTAGLIA,12.13182515,45.87276915
SILEA,12.29875466,45.65505223
SPRESIANO,12.25929856,45.77942870
SUSEGANA,12.25004471,45.85089827
TARZO,12.23217934,45.97296664
TREVIGNANO,12.08906536,45.74265934
TREVISO,12.24507364,45.66754570
VALDOBBIADENE,11.99523685,45.90129788
VAZZOLA,12.37918712,45.83784071
VEDELAGO,12.01832113,45.68707301
VIDOR,12.03882696,45.86346410
VILLORBA,12.26036446,45.71286824
VITTORIO VENETO,12.29614378,45.98992454
VOLPAGO DEL MONTELLO,12.11866145,45.77745214
ZENSON DI PIAVE,12.49260020,45.67823917
ZERO BRANCO,12.16410528,45.59933512
ANNONE VENETO,12.68301590,45.79437439
CAMPAGNA LUPIA,12.09812525,45.35344114
CAMPOLONGO MAGGIORE,12.04809236,45.33141166
CAMPONOGARA,12.07261888,45.38508648
CAORLE,12.88762303,45.59802295
CAVARZERE,12.08371372,45.13680407
CEGGIA,12.63741526,45.68630880
CHIOGGIA,12.27943819,45.22007077
CINTO CAOMAGGIORE,12.78563953,45.82576393
CONA,12.03912026,45.19295736
CONCORDIA SAGITTARIA,12.84598543,45.75582222
DOLO,12.07432841,45.42595888
ERACLEA,12.67353295,45.57551562
FIESSO D'ARTICO,12.03080558,45.41657925
FOSSALTA DI PIAVE,12.51122447,45.64583019
FOSSALTA DI PORTOGRUARO,12.90745002,45.79292789
FOSSO,12.04802305,45.38585799
GRUARO,12.84002601,45.83072227
JESOLO,12.63646208,45.53350167
MARCON,12.29936983,45.55446676
MARTELLAGO,12.15989187,45.54613274
MEOLO,12.45265571,45.61903318
MIRA,12.12336744,45.43288104
MIRANO,12.10916956,45.49292054
MUSILE DI PIAVE,12.56333817,45.62231014
NOALE,12.07041016,45.55055402
NOVENTA DI PIAVE,12.52967597,45.66286319
PIANIGA,12.03004479,45.45560048
PORTOGRUARO,12.83740983,45.77576572
PRAMAGGIORE,12.73461790,45.81219066
QUARTO D'ALTINO,12.37142790,45.58155434
SALZANO,12.09771298,45.52127265
SAN DONA DI PIAVE,12.56428253,45.62946343
SAN MICHELE AL TAGLIAMENTO,12.99493968,45.76387362
SANTA MARIA DI SALA,12.03547005,45.50475249
SAN STINO DI LIVENZA,12.67956354,45.73053829
SCORZE,12.10886652,45.57204179
SPINEA,12.16470092,45.49171461
STRA,12.00488007,45.40990815
TEGLIO VENETO,12.88432685,45.81601799
TORRE DI MOSTO,12.71063722,45.69071804
VENEZIA,12.33845214,45.43490484
VIGONOVO,12.00774615,45.38543454
CAVALLINO-TREPORTI,12.45371806,45.45347560
ABANO TERME,11.78871302,45.35938697
AGNA,11.95672802,45.16977788
ALBIGNASEGO,11.86837713,45.34641419
ANGUILLARA VENETA,11.88603070,45.13873545
ARQUA PETRARCA,11.71639502,45.27003806
ARRE,11.93183887,45.21609585
ARZERGRANDE,12.04649593,45.27341307
BAGNOLI DI SOPRA,11.88137227,45.18515279
BAONE,11.68844419,45.24424772
BARBONA,11.66057999,45.10656219
BATTAGLIA TERME,11.77375044,45.28889131
BOARA PISANI,11.78347605,45.10729174
BORGORICCO,11.96850373,45.53281751
BOVOLENTA,11.94209027,45.26867717
BRUGINE,11.99269059,45.29830159
CADONEGHE,11.91006573,45.44779555
CAMPODARSEGO,11.90728136,45.50230715
CAMPODORO,11.75165020,45.49315894
CAMPOSAMPIERO,11.93198749,45.57184005
CAMPO SAN MARTINO,11.81194645,45.54785594
CANDIANA,11.99122715,45.22040959
CARCERI,11.62129294,45.19566940
CARMIGNANO DI BRENTA,11.70016090,45.62875727
CARTURA,11.86261057,45.26813687
CASALE DI SCODOSIA,11.46636731,45.18780161
CASALSERUGO,11.91480701,45.31632022
CASTELBALDO,11.45267984,45.12113955
CERVARESE SANTA CROCE,11.69190168,45.40293414
CINTO EUGANEO,11.66112122,45.29130410
CITTADELLA,11.78365405,45.64858355
CODEVIGO,12.10331958,45.26795503
CONSELVE,11.87569415,45.23223920
CORREZZOLA,12.06709506,45.23529705
CURTAROLO,11.83222499,45.52211798
ESTE,11.65604994,45.22792066
FONTANIVA,11.75286392,45.63638349
GALLIERA VENETA,11.82944868,45.66281770
GALZIGNANO TERME,11.72825465,45.30857934
GAZZO,11.70733640,45.58228210
GRANTORTO,11.73106150,45.59927610
GRANZE,11.71328468,45.15430503
LEGNARO,11.96356973,45.34399238
LIMENA,11.84366036,45.47891260
LOREGGIA,11.94403157,45.58820049
LOZZO ATESTINO,11.63136512,45.29111089
MASERA DI PADOVA,11.86353019,45.32017230
MASI,11.49174779,45.10842207
MASSANZAGO,12.00425748,45.55531756
MEGLIADINO SAN FIDENZIO,11.51745765,45.21759002
MEGLIADINO SAN VITALE,11.52411812,45.19236677
MERLARA,11.44223809,45.16698886
MESTRINO,11.75878722,45.44354385
MONSELICE,11.75011493,45.23946775
MONTAGNANA,11.46714863,45.23198272
MONTEGROTTO TERME,11.78363760,45.33173579
NOVENTA PADOVANA,11.95288558,45.41603363
OSPEDALETTO EUGANEO,11.61058506,45.22252696
PADOVA,11.87608719,45.40692987
PERNUMIA,11.78693849,45.25704645
PIACENZA D'ADIGE,11.54716049,45.12742532
PIAZZOLA SUL BRENTA,11.78645309,45.54173454
PIOMBINO DESE,11.99850921,45.60764299
PIOVE DI SACCO,12.03515504,45.29611168
POLVERARA,11.95740084,45.31061473
PONSO,11.58635702,45.19214526
PONTELONGO,12.01911350,45.25029105
PONTE SAN NICOLO,11.93065542,45.36411624
POZZONOVO,11.79014771,45.19825709
ROVOLON,11.65216534,45.38575243
RUBANO,11.78660146,45.42670640
SACCOLONGO,11.74356216,45.40568166
SALETTO,11.53501181,45.22694636
SAN GIORGIO DELLE PERTICHE,11.90992520,45.54200455
SAN GIORGIO IN BOSCO,11.80655430,45.59317253
SAN MARTINO DI LUPARI,11.85326800,45.65068255
SAN PIETRO IN GU,11.66922503,45.61349032
SAN PIETRO VIMINARIO,11.81834149,45.24501944
SANTA GIUSTINA IN COLLE,11.90617658,45.56364159
SANTA MARGHERITA D'ADIGE,11.55649018,45.21462189
SANT'ANGELO DI PIOVE DI SACCO,12.00773550,45.34615660
SANT'ELENA,11.70956584,45.18616257
SANT'URBANO,11.61974875,45.11337720
SAONARA,11.98491810,45.37198990
SELVAZZANO DENTRO,11.78098097,45.39451864
SOLESINO,11.74225417,45.17773351
STANGHELLA,11.75641414,45.13492987
TEOLO,11.70863149,45.36679217
TERRASSA PADOVANA,11.90358026,45.24542780
TOMBOLO,11.82529010,45.64719180
TORREGLIA,11.72466311,45.33602654
TREBASELEGHE,12.05139711,45.59161249
TRIBANO,11.83325679,45.21060057
URBANA,11.44355514,45.19085256
VEGGIANO,11.71371049,45.44789092
VESCOVANA,11.70803646,45.13395221
VIGHIZZOLO D'ESTE,11.62374180,45.17632694
VIGODARZERE,11.87882777,45.46062925
VIGONZA,11.98306167,45.44363890
VILLA DEL CONTE,11.85934739,45.58349343
VILLA ESTENSE,11.66718671,45.17219801
VILLAFRANCA PADOVANA,11.79716302,45.49498769
VILLANOVA DI CAMPOSAMPIERO,11.97277231,45.48964457
VO',11.64097889,45.32854266
DUE CARRARE,11.82089803,45.29153743
ADRIA,12.05644639,45.05465533
ARIANO NEL POLESINE,12.12108456,44.94521256
ARQUA POLESINE,11.74136883,45.00936992
BADIA POLESINE,11.49137703,45.09431007
BAGNOLO DI PO,11.49996488,45.01516346
BERGANTINO,11.25302072,45.06037885
BOSARO,11.76454653,45.00062333
CALTO,11.35600087,44.99168590
CANARO,11.67653246,44.93534554
CANDA,11.50858838,45.03390304
CASTELGUGLIELMO,11.53728106,45.02570002
CASTELMASSA,11.31040392,45.01768746
CASTELNOVO BARIANO,11.28626445,45.02669385
CENESELLI,11.36942040,45.01308419
CEREGNANO,11.87058022,45.05007482
CORBOLA,12.07742460,45.00563200
COSTA DI ROVIGO,11.69407504,45.04881045
CRESPINO,11.88644751,44.98332247
FICAROLO,11.43256055,44.95197540
FIESSO UMBERTIANO,11.60785403,44.96176010
FRASSINELLE POLESINE,11.69769786,44.99672352
FRATTA POLESINE,11.64100037,45.03168685
GAIBA,11.48159726,44.94829810
GAVELLO,11.91423793,45.02151244
GIACCIANO CON BARUCHELLA,11.45064279,45.06536475
GUARDA VENETA,11.80263650,44.97979308
LENDINARA,11.59868789,45.08346989
LOREO,12.18923031,45.06360111
LUSIA,11.66301877,45.10104177
MELARA,11.19772995,45.06184838
OCCHIOBELLO,11.57945086,44.91937113
PAPOZZE,12.03106078,44.98786848
PETTORAZZA GRIMANI,11.98879519,45.13602119
PINCARA,11.61154196,44.99305255
POLESELLA,11.75509475,44.96254896
PONTECCHIO POLESINE,11.81156731,45.01916600
PORTO TOLLE,12.33457629,44.95253376
ROSOLINA,12.24612960,45.07588808
ROVIGO,11.79007000,45.07107288
SALARA,11.42607427,44.98422166
SAN BELLINO,11.58903837,45.02849154
SAN MARTINO DI VENEZZE,11.86852699,45.13130764
STIENTA,11.54403684,44.93820004
TAGLIO DI PO,12.20916834,45.00804570
TRECENTA,11.46046156,45.03086142
VILLADOSE,11.88966857,45.07367115
VILLAMARZANA,11.69227409,45.01096153
VILLANOVA DEL GHEBBO,11.64439455,45.05561320
VILLANOVA MARCHESANA,11.96702351,44.99125704
PORTO VIRO,12.21811845,45.02597454
AIELLO DEL FRIULI,13.36246488,45.87068299
AMARO,13.09474064,46.37361670
AMPEZZO,12.79457813,46.41666451
AQUILEIA,13.36493966,45.76643933
ARTA TERME,13.02486016,46.47288214
ARTEGNA,13.15598160,46.24185320
ATTIMIS,13.30511815,46.18881181
BAGNARIA ARSA,13.30170021,45.88740560
BASILIANO,13.10669670,46.01619830
BERTIOLO,13.05531480,45.94329723
BICINICCO,13.24990756,45.93099725
BORDANO,13.10601048,46.31538200
BUJA,13.12574372,46.20892856
BUTTRIO,13.33039931,46.01308630
CAMINO AL TAGLIAMENTO,12.94464880,45.92744556
CAMPOFORMIDO,13.16004808,46.01983457
CARLINO,13.18810617,45.80227999
CASSACCO,13.18610740,46.17384978
CASTIONS DI STRADA,13.18486007,45.90844801
CAVAZZO CARNICO,13.04045787,46.36768379
CERCIVENTO,12.98772245,46.52713434
CERVIGNANO DEL FRIULI,13.33441517,45.82326739
CHIOPRIS-VISCONE,13.40249962,45.92451986
CHIUSAFORTE,13.31048694,46.40822245
CIVIDALE DEL FRIULI,13.43202825,46.09357444
CODROIPO,12.97693057,45.96181162
COLLOREDO DI MONTE ALBANO,13.13796575,46.16600585
COMEGLIANS,12.86791668,46.51358001
CORNO DI ROSAZZO,13.44168420,45.99682180
COSEANO,13.01868635,46.09680741
DIGNANO,12.93863788,46.08769436
DOGNA,13.31540594,46.44804944
DRENCHIA,13.62206703,46.17516991
ENEMONZO,12.87934307,46.41030448
FAEDIS,13.34411062,46.15244221
FAGAGNA,13.08393536,46.11325942
FIUMICELLO,13.40948596,45.79066418
FLAIBANO,12.98114309,46.06005178
FORNI AVOLTRI,12.77691062,46.58517936
FORNI DI SOPRA,12.57845506,46.42381739
FORNI DI SOTTO,12.67180848,46.39363187
GEMONA DEL FRIULI,13.13973590,46.27700513
GONARS,13.23507614,45.89656830
GRIMACCO,13.59338510,46.15641912
LATISANA,12.99529474,45.77595742
LAUCO,12.93416713,46.42340881
LESTIZZA,13.14084214,45.95760766
LIGNANO SABBIADORO,13.12981973,45.68825007
LIGOSULLO,13.07310636,46.53899194
LUSEVERA,13.26040118,46.26468380
MAGNANO IN RIVIERA,13.17659877,46.22962657
MAJANO,13.07553655,46.18536637
MALBORGHETTO VALBRUNA,13.44002065,46.50676576
MANZANO,13.38479712,45.98999113
MARANO LAGUNARE,13.16762312,45.76717763
MARTIGNACCO,13.13039277,46.09820704
MERETO DI TOMBA,13.04784100,46.05112492
MOGGIO UDINESE,13.19492346,46.40991503
MOIMACCO,13.38114127,46.09167091
MONTENARS,13.18037225,46.25672653
MORTEGLIANO,13.17209200,45.94489201
MORUZZO,13.12372436,46.11968491
MUZZANA DEL TURGNANO,13.12779500,45.81743040
NIMIS,13.26530770,46.20033621
OSOPPO,13.08076343,46.25421306
OVARO,12.86519153,46.48425676
PAGNACCO,13.18811705,46.12418413
PALAZZOLO DELLO STELLA,13.07946068,45.80437445
PALMANOVA,13.30986713,45.90475787
PALUZZA,13.01543349,46.52895043
PASIAN DI PRATO,13.19079537,46.04924747
PAULARO,13.11669413,46.53032160
PAVIA DI UDINE,13.28121731,45.97819483
POCENIA,13.09849237,45.83722792
PONTEBBA,13.30383638,46.50664097
PORPETTO,13.21546521,45.85923431
POVOLETTO,13.29845610,46.11810466
POZZUOLO DEL FRIULI,13.19656731,45.98408187
PRADAMANO,13.29942757,46.03124656
PRATO CARNICO,12.79765758,46.52015181
PRECENICCO,13.07870988,45.78971199
PREMARIACCO,13.39425309,46.05896873
PREONE,12.86798438,46.39518497
PREPOTTO,13.47948784,46.04592821
PULFERO,13.48427030,46.17324022
RAGOGNA,12.97822739,46.17712860
RAVASCLETTO,12.92222794,46.52562321
RAVEO,12.87001247,46.43469374
REANA DEL ROJALE,13.24368407,46.14935620
REMANZACCO,13.32478658,46.08524186
RESIA,13.30575122,46.37347365
RESIUTTA,13.22009890,46.39323412
RIGOLATO,12.85406953,46.54959532
RIVE D'ARCANO,13.03098045,46.12595201
RONCHIS,12.99607394,45.80581421
RUDA,13.39969411,45.83697676
SAN DANIELE DEL FRIULI,13.01132516,46.16097487
SAN GIORGIO DI NOGARO,13.20699084,45.83302124
SAN GIOVANNI AL NATISONE,13.40396207,45.98091614
SAN LEONARDO,13.52451558,46.12166606
SAN PIETRO AL NATISONE,13.48542522,46.12758925
SANTA MARIA LA LONGA,13.28860792,45.93307138
SAN VITO AL TORRE,13.37020873,45.89570974
SAN VITO DI FAGAGNA,13.05693569,46.08820128
SAURIS,12.70812853,46.46663779
SAVOGNA,13.53369569,46.15970716
SEDEGLIANO,12.97606963,46.01349240
SOCCHIEVE,12.82351225,46.40335997
STREGNA,13.57794183,46.12693729
SUTRIO,12.98993413,46.51228013
TAIPANA,13.34525708,46.25300548
TALMASSONS,13.11591406,45.92966569
TARCENTO,13.22199880,46.21555718
TARVISIO,13.57331932,46.50611417
TAVAGNACCO,13.21480412,46.10113315
TERZO D'AQUILEIA,13.34633364,45.80060701
TOLMEZZO,13.01488425,46.40578211
TORREANO,13.43248143,46.13020551
TORVISCOSA,13.27460478,45.82348256
TRASAGHIS,13.07538131,46.28235573
TREPPO CARNICO,13.04237979,46.53343245
TREPPO GRANDE,13.15702145,46.19097680
TRICESIMO,13.21252411,46.16222320
TRIVIGNANO UDINESE,13.34749236,45.94148508
UDINE,13.23483835,46.06255516
VARMO,12.98815313,45.88673763
VENZONE,13.13901777,46.33369092
VERZEGNIS,12.99356605,46.38960903
VILLA SANTINA,12.92401346,46.41546059
VILLA VICENTINA,13.39372817,45.81660921
VISCO,13.34787914,45.89153902
ZUGLIO,13.02642844,46.46095360
FORGARIA NEL FRIULI,12.96819898,46.22399223
CAMPOLONGO TAPOGLIANO,13.39404557,45.86432920
RIVIGNANO TEOR,13.0526,45.8676
CAPRIVA DEL FRIULI,13.51459288,45.94210858
CORMONS,13.47364500,45.96065793
DOBERDO DEL LAGO,13.54022608,45.84451526
DOLEGNA DEL COLLIO,13.47925922,46.03170197
FARRA D'ISONZO,13.51793613,45.90713241
FOGLIANO REDIPUGLIA,13.48097696,45.86652567
GORIZIA,13.62212511,45.94149817
GRADISCA D'ISONZO,13.50376194,45.88888504
GRADO,13.38646638,45.67546729
MARIANO DEL FRIULI,13.46110441,45.91670852
MEDEA,13.42393366,45.91670305
MONFALCONE,13.53264669,45.80923320
MORARO,13.49528630,45.93022135
MOSSA,13.54789689,45.93843120
ROMANS D'ISONZO,13.43903628,45.89048678
RONCHI DEI LEGIONARI,13.50071104,45.82600297
SAGRADO,13.48520992,45.87646345
SAN CANZIAN D'ISONZO,13.44340001,45.80955159
SAN FLORIANO DEL COLLIO,13.58532999,45.98220053
SAN LORENZO ISONTINO,13.52672146,45.93269205
SAN PIER D'ISONZO,13.46066353,45.84594738
SAVOGNA D'ISONZO,13.57096878,45.90174446
STARANZANO,13.50027729,45.80550919
TURRIACO,13.44481913,45.82088729
VILLESSE,13.43813261,45.85978499
DUINO-AURISINA,13.65969344,45.75423105
MONRUPINO,13.80115596,45.71887272
MUGGIA,13.76729852,45.60439421
SAN DORLIGO DELLA VALLE-DOLINA,13.85675254,45.60794211
SGONICO,13.74957440,45.73657771
TRIESTE,13.76813660,45.64943540
AGAZZANO,9.52061417,44.94680696
ALSENO,9.96455314,44.89633345
BESENZONE,9.95361533,44.98756521
BETTOLA,9.60537884,44.77616157
BOBBIO,9.38660280,44.76640748
BORGONOVO VAL TIDONE,9.44685905,45.01803598
CADEO,9.85223652,44.96546213
CALENDASCO,9.59382034,45.08773797
CAMINATA,9.31032396,44.90967943
CAORSO,9.87192947,45.04960632
CARPANETO PIACENTINO,9.78844912,44.91504872
CASTELL'ARQUATO,9.86760437,44.85119746
CASTEL SAN GIOVANNI,9.43404574,45.05852200
CASTELVETRO PIACENTINO,9.98802767,45.09665508
CERIGNALE,9.35096916,44.67749339
COLI,9.41282471,44.74342184
CORTE BRUGNATELLA,9.37972249,44.71246570
CORTEMAGGIORE,9.93102887,44.99676617
FARINI,9.57071362,44.71333632
FERRIERE,9.49808160,44.64566827
FIORENZUOLA D'ARDA,9.90753067,44.92865482
GAZZOLA,9.54713497,44.95930024
GOSSOLENGO,9.61405155,45.00440954
GRAGNANO TREBBIENSE,9.56911828,45.01213126
GROPPARELLO,9.73032984,44.83228479
LUGAGNANO VAL D'ARDA,9.82645377,44.82253469
MONTICELLI D'ONGINA,9.93326726,45.08985171
MORFASSO,9.70325197,44.72166972
NIBBIANO,9.32712464,44.90527366
OTTONE,9.33211607,44.62241580
PECORARA,9.38362340,44.87549564
PIACENZA,9.69263260,45.05193461
PIANELLO VAL TIDONE,9.40478819,44.94837468
PIOZZANO,9.49436594,44.92540331
PODENZANO,9.68530999,44.95486441
PONTE DELL'OLIO,9.64285028,44.86789793
PONTENURE,9.78615007,44.99963969
RIVERGARO,9.59756400,44.91070815
ROTTOFRENO,9.55041345,45.05704553
SAN GIORGIO PIACENTINO,9.73755104,44.95411196
SAN PIETRO IN CERRO,9.95138170,45.02132785
SARMATO,9.49148647,45.06041673
TRAVO,9.54283789,44.86103734
VERNASCA,9.82959020,44.79992889
VIGOLZONE,9.66979001,44.91152219
VILLANOVA SULL'ARDA,9.99741768,45.02582296
ZERBA,9.28770811,44.66561656
ZIANO PIACENTINO,9.40263763,45.00223085
ALBARETO,9.70052425,44.44581523
BARDI,9.73199489,44.63281298
BEDONIA,9.63131421,44.50349971
BERCETO,9.98940249,44.50952856
BORE,9.79435653,44.71900964
BORGO VAL DI TARO,9.76766726,44.48803032
BUSSETO,10.04132309,44.98132896
CALESTANO,10.12214913,44.60066532
COLLECCHIO,10.21579629,44.75280057
COLORNO,10.37564974,44.92879525
COMPIANO,9.66242528,44.49596295
CORNIGLIO,10.08868709,44.47620016
FELINO,10.24072079,44.69552364
FIDENZA,10.06141430,44.86708803
FONTANELLATO,10.17341646,44.88246210
FONTEVIVO,10.17537802,44.85642698
FORNOVO DI TARO,10.09872874,44.68925506
LANGHIRANO,10.26642403,44.61445195
LESIGNANO DE' BAGNI,10.30166200,44.64403405
MEDESANO,10.13996119,44.75681741
MEZZANI,10.43590236,44.92278554
MONCHIO DELLE CORTI,10.12320469,44.41237474
MONTECHIARUGOLO,10.42246193,44.69357882
NEVIANO DEGLI ARDUINI,10.31775249,44.58365252
NOCETO,10.17719303,44.81026180
PALANZANO,10.19240365,44.43535314
PARMA,10.32834985,44.80107394
PELLEGRINO PARMENSE,9.92683827,44.73332758
ROCCABIANCA,10.21812063,45.00811844
SALA BAGANZA,10.22823850,44.71552513
SALSOMAGGIORE TERME,9.97809444,44.81568328
SAN SECONDO PARMENSE,10.22690616,44.91915259
SOLIGNANO,9.97940192,44.61511003
SORAGNA,10.12232256,44.92689728
SORBOLO,10.44834770,44.84647613
TERENZO,10.08763674,44.61000551
TIZZANO VAL PARMA,10.19893974,44.52085941
TORNOLO,9.62448869,44.48491075
TORRILE,10.35507653,44.89060669
TRAVERSETOLO,10.38163949,44.63974916
VALMOZZOLA,9.88488216,44.56826370
VARANO DE' MELEGARI,10.01428207,44.68707407
VARSI,9.84568279,44.66291223
SISSA TRECASALI,10.2591,44.9583
POLESINE ZIBELLO,10.1307,45.0194
ALBINEA,10.60205897,44.61962564
BAGNOLO IN PIANO,10.67290388,44.76142985
BAISO,10.59879329,44.49525048
BIBBIANO,10.47336979,44.66326108
BORETTO,10.55344135,44.90453732
BRESCELLO,10.51601194,44.90153576
CADELBOSCO DI SOPRA,10.59438134,44.76292885
CAMPAGNOLA EMILIA,10.75917028,44.84131327
CAMPEGINE,10.53111576,44.78138282
CARPINETI,10.51954928,44.45468453
CASALGRANDE,10.73926724,44.58987354
CASINA,10.50046464,44.51163601
CASTELLARANO,10.73064321,44.50955318
CASTELNOVO DI SOTTO,10.56368003,44.81160229
CASTELNOVO NE' MONTI,10.40326330,44.43748740
CAVRIAGO,10.52673362,44.69485856
CANOSSA,10.40841827,44.59250139
CORREGGIO,10.78121506,44.77134240
FABBRICO,10.80950419,44.87159776
GATTATICO,10.47375082,44.80622594
GUALTIERI,10.62949227,44.90496117
GUASTALLA,10.65403902,44.92239814
LUZZARA,10.68587518,44.96009280
MONTECCHIO EMILIA,10.44658013,44.70013955
NOVELLARA,10.73188909,44.84512566
POVIGLIO,10.54151678,44.84080694
QUATTRO CASTELLA,10.47269433,44.63577225
REGGIOLO,10.80428415,44.91859155
REGGIO NELL'EMILIA,10.63007973,44.69735289
REGGIO EMILIA,10.63007973,44.69735289
RIO SALICETO,10.80290118,44.80931994
ROLO,10.85634928,44.88720187
RUBIERA,10.78325846,44.65330024
SAN MARTINO IN RIO,10.78465766,44.73269779
SAN POLO D'ENZA,10.42090246,44.62649890
SANT'ILARIO D'ENZA,10.45143035,44.76059788
SCANDIANO,10.68821620,44.59938975
TOANO,10.55894757,44.37638071
VETTO,10.33924241,44.48404763
VEZZANO SUL CROSTOLO,10.54644152,44.60091521
VIANO,10.62040753,44.54828799
VILLA MINOZZO,10.46719250,44.36521328
VENTASSO,10.3244,44.3698
BASTIGLIA,10.99981167,44.72644995
BOMPORTO,11.04278703,44.72737543
CAMPOGALLIANO,10.84125789,44.69044118
CAMPOSANTO,11.13827895,44.78790421
CARPI,10.88526276,44.78247939
CASTELFRANCO EMILIA,11.05298979,44.59636639
CASTELNUOVO RANGONE,10.93964894,44.54913164
CASTELVETRO DI MODENA,10.94303246,44.50346628
CAVEZZO,11.02990462,44.83770031
CONCORDIA SULLA SECCHIA,10.98281203,44.91223653
FANANO,10.79514031,44.20740301
FINALE EMILIA,11.29573320,44.83221342
FIORANO MODENESE,10.81142031,44.53908792
FIUMALBO,10.64739757,44.17951733
FORMIGINE,10.84018896,44.57598268
FRASSINORO,10.57313174,44.29537200
GUIGLIA,10.95727133,44.42798092
LAMA MOCOGNO,10.73062306,44.30830825
MARANELLO,10.86744783,44.52512137
MARANO SUL PANARO,10.96628727,44.45611609
MEDOLLA,11.07147687,44.84894472
MIRANDOLA,11.06607716,44.88707754
MODENA,10.92615487,44.64600008
MONTECRETO,10.72073466,44.24895605
MONTEFIORINO,10.62532596,44.35944930
MONTESE,10.94036858,44.26747020
NONANTOLA,11.04311780,44.67778226
NOVI DI MODENA,10.90134261,44.89356712
PALAGANO,10.64775313,44.32072428
PAVULLO NEL FRIGNANO,10.83398646,44.33947055
PIEVEPELAGO,10.61697591,44.20702795
POLINAGO,10.72311171,44.34435962
PRIGNANO SULLA SECCHIA,10.68952425,44.43599034
RAVARINO,11.09999795,44.72446933
RIOLUNATO,10.65302864,44.23049165
SAN CESARIO SUL PANARO,11.03416799,44.56156734
SAN FELICE SUL PANARO,11.14140434,44.83931946
SAN POSSIDONIO,10.99678633,44.89099436
SAN PROSPERO,11.02289265,44.78790020
SASSUOLO,10.78270189,44.54032551
SAVIGNANO SUL PANARO,11.03375535,44.47959376
SERRAMAZZONI,10.79019017,44.42123564
SESTOLA,10.77138108,44.23014820
SOLIERA,10.92473124,44.73814012
SPILAMBERTO,11.02374056,44.53371430
VIGNOLA,11.01075743,44.47953672
ZOCCA,10.99527518,44.34506492
ANZOLA DELL'EMILIA,11.19326943,44.54648300
ARGELATO,11.34764547,44.64232695
BARICELLA,11.53455005,44.64706061
BENTIVOGLIO,11.41786388,44.63514888
BOLOGNA,11.34172080,44.49436680
BORGO TOSSIGNANO,11.58922857,44.27730823
BUDRIO,11.53563979,44.53751606
CALDERARA DI RENO,11.27202395,44.56608171
CAMUGNANO,11.08739280,44.16896504
CASALECCHIO DI RENO,11.28246876,44.48119825
CASALFIUMANESE,11.61620580,44.29762885
CASTEL D'AIANO,11.00130563,44.28065252
CASTEL DEL RIO,11.50442811,44.21315532
CASTEL DI CASIO,11.03637007,44.16306040
CASTEL GUELFO DI BOLOGNA,11.67895413,44.43181598
CASTELLO D'ARGILE,11.29660018,44.68123191
CASTEL MAGGIORE,11.36489158,44.57499666
CASTEL SAN PIETRO TERME,11.58917845,44.39812256
CASTENASO,11.46878718,44.50891745
CASTIGLIONE DEI PEPOLI,11.15391212,44.14165584
CREVALCORE,11.14703461,44.72264440
DOZZA,11.62867786,44.35943880
FONTANELICE,11.55836993,44.25745852
GAGGIO MONTANO,10.93624639,44.19900456
GALLIERA,11.43594172,44.74473998
GRANAROLO DELL'EMILIA,11.44769522,44.55342273
GRIZZANA MORANDI,11.15075094,44.25551286
IMOLA,11.71415595,44.35307392
LIZZANO IN BELVEDERE,10.89366252,44.16164363
LOIANO,11.32172919,44.27017987
MALALBERGO,11.53397861,44.71890504
MARZABOTTO,11.20514029,44.34038509
MEDICINA,11.64047564,44.47644406
MINERBIO,11.49080289,44.62520112
MOLINELLA,11.67032164,44.62036923
MONGHIDORO,11.31663057,44.21944409
MONTERENZIO,11.40500671,44.32527890
MONTE SAN PIETRO,11.19968520,44.45776182
MONZUNO,11.27144388,44.27680857
MORDANO,11.81053436,44.39772446
OZZANO DELL'EMILIA,11.47820208,44.44483656
PIANORO,11.34325984,44.38510945
PIEVE DI CENTO,11.30700366,44.71363268
SALA BOLOGNESE,11.27686821,44.62979729
SAN BENEDETTO VAL DI SAMBRO,11.23306698,44.21557469
SAN GIORGIO DI PIANO,11.37513860,44.64698354
SAN GIOVANNI IN PERSICETO,11.18779855,44.63877152
SAN LAZZARO DI SAVENA,11.40805744,44.47047676
SAN PIETRO IN CASALE,11.40619416,44.70262524
SANT'AGATA BOLOGNESE,11.13381036,44.66454406
SASSO MARCONI,11.24491727,44.39437522
VERGATO,11.11278346,44.28394026
ZOLA PREDOSA,11.21818344,44.49223785
VALSAMOGGIA,11.0804,44.5031
ALTO RENO TERME,10.9733,44.1601
ARGENTA,11.83704263,44.61443583
BERRA,11.97857633,44.97935353
BONDENO,11.41846422,44.88521609
CENTO,11.29060992,44.72755647
CODIGORO,12.10501471,44.83183932
COMACCHIO,12.18387254,44.69462384
COPPARO,11.82871999,44.89547576
FERRARA,11.61868934,44.83599085
FORMIGNANA,11.85872300,44.84246830
JOLANDA DI SAVOIA,11.97450851,44.88615417
LAGOSANTO,12.14100144,44.76541458
MASI TORELLO,11.79527320,44.79403664
MESOLA,12.22924490,44.92248699
OSTELLATO,11.94082589,44.74541029
POGGIO RENATICO,11.48545381,44.76471450
PORTOMAGGIORE,11.80577819,44.69780545
RO,11.76486674,44.94537415
VIGARANO MAINARDA,11.50031563,44.84176192
VOGHIERA,11.75124557,44.75814047
TRESIGALLO,11.89681521,44.81778085
GORO,12.30276124,44.85381576
FISCAGLIA,11.9754,44.7988
TERRE DEL RENO,11.3892,44.7932
ALFONSINE,12.04064787,44.50631817
BAGNACAVALLO,11.97697277,44.41630012
BAGNARA DI ROMAGNA,11.82581789,44.38882779
BRISIGHELLA,11.76902039,44.22134642
CASOLA VALSENIO,11.62307624,44.22351906
CASTEL BOLOGNESE,11.79894865,44.31911226
CERVIA,12.34981530,44.26092823
CONSELICE,11.82906464,44.51266493
COTIGNOLA,11.94221614,44.38439045
FAENZA,11.88279721,44.28543714
FUSIGNANO,11.95930040,44.46802428
LUGO,11.91148250,44.42083388
MASSA LOMBARDA,11.82821317,44.44657069
RAVENNA,12.19913937,44.41722492
RIOLO TERME,11.72454789,44.27615818
RUSSI,12.03289251,44.37242208
SANT'AGATA SUL SANTERNO,11.86165453,44.44233184
SOLAROLO,11.84375254,44.36017093
BAGNO DI ROMAGNA,11.97686230,43.85780760
BERTINORO,12.13425106,44.14891351
BORGHI,12.35456963,44.03146437
CASTROCARO TERME E TERRA DEL SOLE,11.95002717,44.17606810
CESENA,12.24217492,44.13654899
CESENATICO,12.39544168,44.19953513
CIVITELLA DI ROMAGNA,11.93825799,44.00686055
DOVADOLA,11.88746782,44.12161957
FORLI,12.04068608,44.22268559
FORLIMPOPOLI,12.12663769,44.18722836
GALEATA,11.91037026,43.99642320
GAMBETTOLA,12.33907227,44.12000641
GATTEO,12.38611016,44.10961720
LONGIANO,12.32692236,44.07409338
MELDOLA,12.06061678,44.12697469
MERCATO SARACENO,12.19584445,43.95701341
MODIGLIANA,11.79260095,44.15627344
MONTIANO,12.30424275,44.08351204
PORTICO E SAN BENEDETTO,11.78091956,44.02586511
PREDAPPIO,11.98050097,44.10181434
PREMILCUORE,11.77569302,43.97641573
ROCCA SAN CASCIANO,11.84223308,44.06145460
RONCOFREDDO,12.31808653,44.04188275
SAN MAURO PASCOLI,12.41549224,44.10703239
SANTA SOFIA,11.90795612,43.94689873
SARSINA,12.14086214,43.91858330
SAVIGNANO SUL RUBICONE,12.39908408,44.09209836
SOGLIANO AL RUBICONE,12.30013583,44.00488260
TREDOZIO,11.74370380,44.07935407
VERGHERETO,12.00587760,43.79564841
ACQUALAGNA,12.67087178,43.61673002
APECCHIO,12.41964013,43.55830201
AUDITORE,12.57175016,43.82118648
BELFORTE ALL'ISAURO,12.37562574,43.71701070
BORGO PACE,12.29461948,43.65817010
CAGLI,12.64801492,43.54638176
CANTIANO,12.62723295,43.47365790
CARPEGNA,12.33599429,43.78121521
CARTOCETO,12.88376809,43.76458096
FANO,13.01966068,43.84340093
FERMIGNANO,12.64528129,43.67649050
FOSSOMBRONE,12.80571229,43.68885252
FRATTE ROSA,12.90097388,43.63196171
FRONTINO,12.37743830,43.76458228
FRONTONE,12.73891053,43.51462189
GABICCE MARE,12.75648023,43.96658771
GRADARA,12.77300459,43.94077611
ISOLA DEL PIANO,12.78293406,43.73715680
LUNANO,12.44098613,43.73047000
MACERATA FELTRIA,12.44277531,43.80308276
MERCATELLO SUL METAURO,12.33675362,43.64750954
MERCATINO CONCA,12.49350427,43.87042655
MOMBAROCCIO,12.85487947,43.79683666
MONDAVIO,12.96860120,43.67453553
MONDOLFO,13.09546209,43.75151916
MONTECALVO IN FOGLIA,12.63157980,43.81154560
MONTE CERIGNONE,12.41263275,43.84098868
MONTECICCARDO,12.80825569,43.81930079
MONTECOPIOLO,12.35938073,43.84127300
MONTEFELCINO,12.83320397,43.73506647
MONTE GRIMANO TERME,12.47284802,43.86544280
MONTELABBATE,12.79076238,43.84907238
MONTE PORZIO,13.04518523,43.68986551
PEGLIO,12.49603827,43.69603920
PERGOLA,12.83598983,43.56288219
PESARO,12.91345991,43.91014021
PETRIANO,12.73335409,43.78031434
PIANDIMELETO,12.41513494,43.72416077
PIETRARUBBIA,12.37740064,43.80420265
PIOBBICO,12.51034920,43.58882426
SAN COSTANZO,13.06950997,43.76311801
SAN LORENZO IN CAMPO,12.94543344,43.60342232
SANT'ANGELO IN VADO,12.41326777,43.66489783
SANT'IPPOLITO,12.87103494,43.68482650
SASSOCORVARO,12.49531808,43.78094127
SASSOFELTRIO,12.50930402,43.89243764
SERRA SANT'ABBONDIO,12.77061803,43.49085038
TAVOLETO,12.59263731,43.84623247
TAVULLIA,12.75319778,43.89794226
URBANIA,12.52426743,43.66837713
URBINO,12.63729902,43.72512229
VALLEFOGLIA,12.8013,43.8264
COLLI AL METAURO,12.8982,43.7546
TERRE ROVERESCHE,12.9641,43.6876
AGUGLIANO,13.38580376,43.54337654
ANCONA,13.51887537,43.61675973
ARCEVIA,12.93959861,43.49999837
BARBARA,13.02473927,43.58080064
BELVEDERE OSTRENSE,13.16682409,43.58043733
CAMERANO,13.55302876,43.53092763
CAMERATA PICENA,13.35275403,43.57820462
CASTELBELLINO,13.14606651,43.48783546
CASTELFIDARDO,13.54659630,43.46452646
CASTELLEONE DI SUASA,12.97676838,43.60724312
CASTELPLANIO,13.08135253,43.49458947
CERRETO D'ESI,12.98515333,43.32074084
CHIARAVALLE,13.32555184,43.59973296
CORINALDO,13.04772759,43.64884868
CUPRAMONTANA,13.11567288,43.44555295
FABRIANO,12.90472385,43.33626864
FALCONARA MARITTIMA,13.39392666,43.62329100
FILOTTRANO,13.35128311,43.43567741
GENGA,12.93510378,43.42959914
JESI,13.24382689,43.52281933
LORETO,13.60792879,43.44028357
MAIOLATI SPONTINI,13.11910582,43.47733777
MERGO,13.03738719,43.47142461
MONSANO,13.25030883,43.56348310
MONTECAROTTO,13.06452723,43.52636400
MONTEMARCIANO,13.31022808,43.64008533
MONTE ROBERTO,13.13851330,43.48144004
MONTE SAN VITO,13.27097232,43.60058381
MORRO D'ALBA,13.21405308,43.60112980
NUMANA,13.62151362,43.51347200
OFFAGNA,13.44148054,43.52725632
OSIMO,13.48190682,43.48618905
OSTRA,13.15838859,43.61268103
OSTRA VETERE,13.05736333,43.60371382
POGGIO SAN MARCELLO,13.07705050,43.51159656
POLVERIGI,13.39412242,43.52520561
ROSORA,13.06919258,43.48275533
SAN MARCELLO,13.20620835,43.57673897
SAN PAOLO DI JESI,13.17356825,43.45488092
SANTA MARIA NUOVA,13.31053369,43.49594448
SASSOFERRATO,12.85865231,43.43599892
SENIGALLIA,13.21778017,43.71482786
SERRA DE CONTI,13.03777268,43.54257960
SERRA DE' CONTI,13.03777268,43.54257960
SERRA DEI CONTI,13.03777268,43.54257960
SERRA SAN QUIRICO,13.01483261,43.44757996
SIROLO,13.61604009,43.52601874
STAFFOLO,13.18631858,43.43286075
TRECASTELLI,13.1064,43.6718
APIRO,13.13101333,43.39247319
APPIGNANO,13.34623812,43.36406969
BELFORTE DEL CHIENTI,13.23772508,43.16425472
BOLOGNOLA,13.22684641,42.99426104
CALDAROLA,13.22627038,43.13845473
CAMERINO,13.06766302,43.13536473
CAMPOROTONDO DI FIASTRONE,13.26552578,43.13179596
CASTELRAIMONDO,13.05769967,43.21000258
CASTELSANTANGELO SUL NERA,13.15307613,42.89447489
CESSAPALOMBO,13.25840962,43.10910049
CINGOLI,13.21646831,43.37428080
CIVITANOVA MARCHE,13.72803000,43.30668202
COLMURANO,13.35670534,43.16387163
CORRIDONIA,13.50886818,43.24818514
ESANATOGLIA,12.94616909,43.25145608
FIASTRA,13.1565,43.0368
FIUMINATA,12.93168275,43.18864438
GAGLIOLE,13.06808297,43.23946186
GUALDO,13.33794374,43.06735915
LORO PICENO,13.41619153,43.16610273
MACERATA,13.45307188,43.30023926
MATELICA,13.00951788,43.25661381
MOGLIANO,13.48082270,43.18600351
MONTECASSIANO,13.43593734,43.36375365
MONTE CAVALLO,13.00115702,42.99356324
MONTECOSARO,13.63525257,43.31684668
MONTEFANO,13.43975137,43.41191862
MONTELUPONE,13.56712367,43.34438490
MONTE SAN GIUSTO,13.59427638,43.23601473
MONTE SAN MARTINO,13.43937111,43.03117231
MORROVALLE,13.58002604,43.31468877
MUCCIA,13.04405182,43.08209517
PENNA SAN GIOVANNI,13.42374445,43.05657462
PETRIOLO,13.46562823,43.22102655
PIEVE TORINA,13.05038725,43.04432836
PIORACO,12.98484416,43.17878275
POGGIO SAN VICINO,13.07883903,43.37471006
POLLENZA,13.34760396,43.26782215
PORTO RECANATI,13.66489440,43.42983471
POTENZA PICENA,13.62025852,43.36625779
RECANATI,13.54883759,43.40383437
RIPE SAN GINESIO,13.36749570,43.14304895
SAN GINESIO,13.31672887,43.10801114
SAN SEVERINO MARCHE,13.17711312,43.22885753
SANT'ANGELO IN PONTANO,13.39547810,43.09929122
SARNANO,13.30106674,43.03547700
SEFRO,12.94925569,43.14624647
SERRAPETRONA,13.18937283,43.17691964
SERRAVALLE DI CHIENTI,12.95202260,43.07184653
TOLENTINO,13.28429984,43.20872655
TREIA,13.31230423,43.31128023
URBISAGLIA,13.37679031,43.19704423
USSITA,13.13845668,42.94408380
VISSO,13.08830764,42.93075813
VALFORNACE,13.0839,43.0649
ACQUASANTA TERME,13.40930458,42.76912283
ACQUAVIVA PICENA,13.81464350,42.94473063
APPIGNANO DEL TRONTO,13.66604194,42.89908619
ARQUATA DEL TRONTO,13.29677295,42.77264083
ASCOLI PICENO,13.57691135,42.85322304
CARASSAI,13.68373044,43.03214724
CASTEL DI LAMA,13.71289574,42.86891296
CASTIGNANO,13.62155661,42.93806266
CASTORANO,13.72762244,42.89833352
COLLI DEL TRONTO,13.74815942,42.87800984
COMUNANZA,13.41391783,42.95758340
COSSIGNANO,13.68791015,42.98414793
CUPRA MARITTIMA,13.85901545,43.02508750
FOLIGNANO,13.63258423,42.82103982
FORCE,13.49104814,42.96300410
GROTTAMMARE,13.86834111,42.98846372
MALTIGNANO,13.68717844,42.83163236
MASSIGNANO,13.79702416,43.05085704
MONSAMPOLO DEL TRONTO,13.79095317,42.89746968
MONTALTO DELLE MARCHE,13.60713303,42.98736823
MONTEDINOVE,13.58696690,42.97074448
MONTEFIORE DELL'ASO,13.75089840,43.05161600
MONTEGALLO,13.33299105,42.84219500
MONTEMONACO,13.32695984,42.89949543
MONTEPRANDONE,13.83573683,42.92009938
OFFIDA,13.69193100,42.93519978
PALMIANO,13.45855304,42.89932020
RIPATRANSONE,13.76264711,43.00016638
ROCCAFLUVIONE,13.47521570,42.86126733
ROTELLA,13.56093240,42.95452723
SAN BENEDETTO DEL TRONTO,13.88291098,42.94363270
SPINETOLI,13.77341044,42.88933863
VENAROTTA,13.49282294,42.88118491
AULLA,9.96815494,44.20934409
BAGNONE,9.99442801,44.31538900
CARRARA,10.09678309,44.07729932
CASOLA IN LUNIGIANA,10.17571802,44.20117148
COMANO,10.13487911,44.29722610
FILATTIERA,9.93687773,44.33127853
FIVIZZANO,10.12283260,44.23706089
FOSDINOVO,10.01905890,44.13438049
LICCIANA NARDI,10.03853952,44.26498452
MASSA,10.14173829,44.03674425
MONTIGNOSO,10.17648313,44.01814629
MULAZZO,9.90707550,44.32166365
PODENZANA,9.94122257,44.20637426
PONTREMOLI,9.88294832,44.37738694
TRESANA,9.95155878,44.23824409
VILLAFRANCA IN LUNIGIANA,9.95102604,44.29198470
ZERI,9.76350258,44.35291688
ALTOPASCIO,10.67474472,43.81503652
BAGNI DI LUCCA,10.59120328,44.01054783
BARGA,10.48477616,44.07304790
BORGO A MOZZANO,10.54360068,43.97852311
CAMAIORE,10.30417448,43.93859723
CAMPORGIANO,10.33379883,44.15864597
CAPANNORI,10.57479954,43.84891682
CAREGGINE,10.32438676,44.12081249
CASTELNUOVO DI GARFAGNANA,10.41166069,44.11031578
CASTIGLIONE DI GARFAGNANA,10.41126782,44.14908854
COREGLIA ANTELMINELLI,10.52530192,44.06452690
FORTE DEI MARMI,10.16670554,43.96017596
FOSCIANDORA,10.45540829,44.11523789
GALLICANO,10.43565570,44.06046870
LUCCA,10.50151366,43.84432282
MASSAROSA,10.34180619,43.86849625
MINUCCIANO,10.20756436,44.17031081
MOLAZZANA,10.41843796,44.07259333
MONTECARLO,10.66857080,43.85036404
PESCAGLIA,10.41128318,43.96642357
PIAZZA AL SERCHIO,10.30001696,44.18256511
PIETRASANTA,10.22768810,43.95955549
PIEVE FOSCIANA,10.41068576,44.13062789
PORCARI,10.61670670,43.83966221
SAN ROMANO IN GARFAGNANA,10.34543881,44.16896414
SERAVEZZA,10.22843772,43.99518964
STAZZEMA,10.29563014,43.99711505
VAGLI SOTTO,10.28039662,44.11438940
VIAREGGIO,10.24981154,43.86694270
VILLA BASILICA,10.64509707,43.92777564
VILLA COLLEMANDINA,10.39757231,44.15957668
FABBRICHE DI VERGEMOLI,10.4275,43.9973
SILLANO GIUNCUGNANO,10.3024,44.2250
AGLIANA,11.00653402,43.90278508
BUGGIANO,10.72753655,43.87993288
LAMPORECCHIO,10.89678764,43.81697342
LARCIANO,10.87719405,43.82466175
MARLIANA,10.77005514,43.93406050
MASSA E COZZILE,10.74467251,43.90991520
MONSUMMANO TERME,10.81442271,43.87159620
MONTALE,11.02226655,43.93473923
MONTECATINI-TERME,10.77278426,43.88409638
PESCIA,10.68859305,43.90315898
PIEVE A NIEVOLE,10.79465882,43.87897547
PISTOIA,10.91734146,43.93346500
PONTE BUGGIANESE,10.74744648,43.84275902
QUARRATA,10.97861288,43.84759372
SAMBUCA PISTOIESE,10.99899531,44.10404639
SERRAVALLE PISTOIESE,10.83198084,43.90559434
UZZANO,10.70907718,43.88171633
CHIESINA UZZANESE,10.71950713,43.83917408
ABETONE CUTIGLIANO,10.7564,44.1004
SAN MARCELLO PITEGLIO,10.7929,44.0574
BAGNO A RIPOLI,11.31939080,43.75141731
BARBERINO DI MUGELLO,11.23857988,44.00043999
BARBERINO VAL D'ELSA,11.17116650,43.54173193
BORGO SAN LORENZO,11.38768420,43.95478735
CALENZANO,11.16719438,43.86508380
CAMPI BISENZIO,11.13783581,43.82056713
CAPRAIA E LIMITE,10.97642790,43.74246149
CASTELFIORENTINO,10.97130931,43.60573438
CERRETO GUIDI,10.87757536,43.75966924
CERTALDO,11.04076435,43.54777896
DICOMANO,11.52362001,43.89150207
EMPOLI,10.94718391,43.71908066
FIESOLE,11.29317630,43.80686437
FIRENZE,11.25588885,43.76923077
FIRENZUOLA,11.37882827,44.11760454
FUCECCHIO,10.81008689,43.72861331
GAMBASSI TERME,10.95316019,43.53861741
GREVE IN CHIANTI,11.31715767,43.58324882
IMPRUNETA,11.25440777,43.68573641
LASTRA A SIGNA,11.10606378,43.77012377
LONDA,11.56720489,43.86010261
MARRADI,11.61276552,44.07546428
MONTAIONE,10.91225102,43.55227888
MONTELUPO FIORENTINO,11.02076036,43.72947256
MONTESPERTOLI,11.07533259,43.64312984
PALAZZUOLO SUL SENIO,11.54729229,44.11226722
PELAGO,11.50636044,43.77024562
PONTASSIEVE,11.43986631,43.77581305
REGGELLO,11.53638325,43.68254950
RIGNANO SULL'ARNO,11.45352494,43.72206137
RUFINA,11.48791691,43.82663785
SAN CASCIANO IN VAL DI PESA,11.18439255,43.65656239
SAN GODENZO,11.61961735,43.92627716
SCANDICCI,11.18133036,43.75822592
SESTO FIORENTINO,11.19842773,43.83219044
SIGNA,11.09755773,43.78238807
TAVARNELLE VAL DI PESA,11.17268500,43.56090425
VAGLIA,11.28135672,43.90656867
VICCHIO,11.46543614,43.93378303
VINCI,10.92648684,43.78713658
FIGLINE E INCISA VALDARNO,11.4449,43.6291
SCARPERIA E SAN PIERO,11.3560,43.9960
BIBBONA,10.59818454,43.26943910
CAMPIGLIA MARITTIMA,10.61687906,43.05902779
CAMPO NELL'ELBA,10.23362865,42.74483726
CAPOLIVERI,10.38033226,42.74312800
CAPRAIA ISOLA,9.84226451,43.04992400
CASTAGNETO CARDUCCI,10.60997361,43.16065888
CECINA,10.51936525,43.31218404
COLLESALVETTI,10.47606442,43.58921788
LIVORNO,10.30867810,43.55234873
MARCIANA,10.16796514,42.79000005
MARCIANA MARINA,10.19683023,42.80471612
PIOMBINO,10.52741432,42.92197069
PORTO AZZURRO,10.39872636,42.76458226
PORTOFERRAIO,10.33119908,42.81526660
RIO MARINA,10.42518064,42.81458647
RIO NELL'ELBA,10.39926162,42.81296376
ROSIGNANO MARITTIMO,10.47269194,43.40533113
SAN VINCENZO,10.53823511,43.10084600
SASSETTA,10.64398729,43.12836352
SUVERETO,10.67910503,43.07925126
BIENTINA,10.61983755,43.71011358
BUTI,10.58735644,43.72731222
CALCI,10.51568636,43.72555225
CALCINAIA,10.61566661,43.68299475
CAPANNOLI,10.67864818,43.58386618
CASALE MARITTIMO,10.61552922,43.29725055
CASCINA,10.54927706,43.67654137
CASTELFRANCO DI SOTTO,10.74523981,43.69969607
CASTELLINA MARITTIMA,10.57548836,43.41197379
CASTELNUOVO DI VAL DI CECINA,10.90600651,43.20690066
CHIANNI,10.64255484,43.48583046
FAUGLIA,10.51604084,43.56700256
GUARDISTALLO,10.63299137,43.31332535
LAJATICO,10.72851258,43.47507540
MONTECATINI VAL DI CECINA,10.74815959,43.39200876
MONTESCUDAIO,10.62778699,43.32635373
MONTEVERDI MARITTIMO,10.71524937,43.17700523
MONTOPOLI IN VAL D'ARNO,10.76042631,43.66858781
ORCIANO PISANO,10.51010989,43.49126495
PALAIA,10.77307881,43.60482308
PECCIOLI,10.72104789,43.54800598
PISA,10.40127259,43.71553206
POMARANCE,10.87381734,43.30011927
PONSACCO,10.63360648,43.62021159
PONTEDERA,10.63600988,43.66392507
RIPARBELLA,10.59970360,43.36468323
SAN GIULIANO TERME,10.44248952,43.76334156
SAN MINIATO,10.85239053,43.67940707
SANTA CROCE SULL'ARNO,10.77839086,43.71143945
SANTA LUCE,10.56481909,43.47250273
SANTA MARIA A MONTE,10.69236820,43.69866516
TERRICCIOLA,10.67603840,43.52463915
VECCHIANO,10.38659926,43.78159787
VICOPISANO,10.58439105,43.69975486
VOLTERRA,10.85941327,43.40170812
CASCIANA TERME LARI,10.5935,43.5663
CRESPINA LORENZANA,10.5610,43.5720
ANGHIARI,12.05683986,43.54052916
AREZZO,11.88228845,43.46642752
BADIA TEDALDA,12.18557888,43.70640891
BIBBIENA,11.81814145,43.69445741
BUCINE,11.61688357,43.47908084
CAPOLONA,11.85984396,43.56342938
CAPRESE MICHELANGELO,11.98577410,43.64399457
CASTEL FOCOGNANO,11.83563947,43.65159472
CASTEL SAN NICCOLO,11.70459128,43.74104367
CASTIGLION FIBOCCHI,11.76321567,43.52756607
CASTIGLION FIORENTINO,11.92386582,43.34164240
CAVRIGLIA,11.48906249,43.52369378
CHITIGNANO,11.88026444,43.66138179
CHIUSI DELLA VERNA,11.93500938,43.69971795
CIVITELLA IN VAL DI CHIANA,11.77091094,43.40321351
CORTONA,11.98505582,43.27511338
FOIANO DELLA CHIANA,11.81847239,43.25248532
LATERINA,11.70929387,43.50769221
LORO CIUFFENNA,11.63153773,43.59331237
LUCIGNANO,11.74707426,43.27549460
MARCIANO DELLA CHIANA,11.78635617,43.30513199
MONTEMIGNAIO,11.61990952,43.74012371
MONTERCHI,12.11189748,43.48559940
MONTE SAN SAVINO,11.72533603,43.33138534
MONTEVARCHI,11.56746999,43.52360592
ORTIGNANO RAGGIOLO,11.75250906,43.68151385
PERGINE VALDARNO,11.68589579,43.47055703
PIEVE SANTO STEFANO,12.04174551,43.66849635
POPPI,11.76530501,43.72453716
SAN GIOVANNI VALDARNO,11.52962785,43.56673601
SANSEPOLCRO,12.14132220,43.57014563
SESTINO,12.29696916,43.70841671
SUBBIANO,11.87028084,43.57555900
TALLA,11.78712862,43.60200466
TERRANUOVA BRACCIOLINI,11.58582871,43.55094739
CASTELFRANCO PIANDISCO,11.5583,43.6220
PRATOVECCHIO STIA,11.7084,43.7982
ABBADIA SAN SALVATORE,11.67750649,42.88096920
ASCIANO,11.55944599,43.23494130
BUONCONVENTO,11.48190606,43.13793178
CASOLE D'ELSA,11.04312925,43.34050477
CASTELLINA IN CHIANTI,11.28565793,43.47001172
CASTELNUOVO BERARDENGA,11.50313661,43.34549126
CASTIGLIONE D'ORCIA,11.61639322,43.00437783
CETONA,11.90064548,42.96289227
CHIANCIANO TERME,11.83180864,43.05883948
CHIUSDINO,11.08812438,43.15508188
CHIUSI,11.94762106,43.01673334
COLLE DI VAL D'ELSA,11.11775175,43.42121405
GAIOLE IN CHIANTI,11.43348047,43.46876092
MONTEPULCIANO,11.78070207,43.09255459
MONTERIGGIONI,11.21861104,43.39306250
MONTERONI D'ARBIA,11.42187191,43.23108759
MONTICIANO,11.17972512,43.13936806
MURLO,11.39110337,43.16848863
PIANCASTAGNAIO,11.69182147,42.84943624
PIENZA,11.67996125,43.07632711
POGGIBONSI,11.14662795,43.46687289
RADDA IN CHIANTI,11.37441024,43.48654044
RADICOFANI,11.76637984,42.89698978
RADICONDOLI,11.04131758,43.26112158
RAPOLANO TERME,11.60415849,43.28653480
SAN CASCIANO DEI BAGNI,11.87536298,42.87131921
SAN GIMIGNANO,11.04317837,43.46776788
SAN QUIRICO D'ORCIA,11.60328179,43.06026966
SARTEANO,11.86917024,42.98960170
SIENA,11.33190988,43.31816374
SINALUNGA,11.73606159,43.21239106
SOVICILLE,11.22834289,43.28018779
TORRITA DI SIENA,11.77188985,43.16663712
TREQUANDA,11.66777341,43.18865340
MONTALCINO,11.4906,43.0592
ARCIDOSSO,11.53879434,42.87146264
CAMPAGNATICO,11.27494204,42.88278613
CAPALBIO,11.42201384,42.45325601
CASTEL DEL PIANO,11.53774028,42.89305163
CASTELL'AZZARA,11.69777485,42.77354029
CASTIGLIONE DELLA PESCAIA,10.87882923,42.76202972
CINIGIANO,11.39417166,42.89108419
CIVITELLA PAGANICO,11.28161679,42.99397382
FOLLONICA,10.75988154,42.92260165
GAVORRANO,10.90568187,42.92519152
GROSSETO,11.11356398,42.76026757
ISOLA DEL GIGLIO,10.90090066,42.36570981
MAGLIANO IN TOSCANA,11.29353658,42.59855637
MANCIANO,11.51546068,42.58733998
MASSA MARITTIMA,10.88793453,43.05020006
MONTE ARGENTARIO,11.11584279,42.43915327
MONTIERI,11.01621415,43.13049342
ORBETELLO,11.20942799,42.43737248
PITIGLIANO,11.66941633,42.63491609
ROCCALBEGNA,11.50925451,42.78414266
ROCCASTRADA,11.16742825,43.01121349
SANTA FIORA,11.58574960,42.83136068
SCANSANO,11.33315036,42.68789328
SCARLINO,10.85193720,42.90730227
SEGGIANO,11.55731399,42.92798751
SORANO,11.71382965,42.68173237
MONTEROTONDO MARITTIMO,10.85584758,43.14550719
SEMPRONIANO,11.54169139,42.73024835
ASSISI,12.61540396,43.07082764
BASTIA UMBRA,12.54925980,43.06650647
BETTONA,12.48493174,43.01296467
BEVAGNA,12.60912589,42.93393540
CAMPELLO SUL CLITUNNO,12.77692850,42.82007685
CANNARA,12.58325585,42.99544132
CASCIA,13.01313943,42.71824629
CASTEL RITALDI,12.67225912,42.82305190
CASTIGLIONE DEL LAGO,12.05357675,43.12727790
CERRETO DI SPOLETO,12.91638888,42.81933452
CITERNA,12.11647010,43.49826711
CITTA DELLA PIEVE,12.00506320,42.95281727
CITTA DI CASTELLO,12.23814701,43.45737865
COLLAZZONE,12.43788685,42.89426307
CORCIANO,12.28640075,43.12854903
COSTACCIARO,12.71192029,43.35890844
DERUTA,12.41989716,42.98223798
FOLIGNO,12.70358700,42.95569525
FOSSATO DI VICO,12.76164768,43.29433869
FRATTA TODINA,12.36643365,42.85753894
GIANO DELL'UMBRIA,12.57717981,42.83371291
GUALDO CATTANEO,12.55584061,42.90919383
GUALDO TADINO,12.78482744,43.23094978
GUBBIO,12.57875535,43.35352094
LISCIANO NICCONE,12.14336777,43.24602400
MAGIONE,12.20540863,43.14260687
MARSCIANO,12.33954166,42.91019962
MASSA MARTANA,12.52301353,42.77556262
MONTE CASTELLO DI VIBIO,12.35226566,42.84031952
MONTEFALCO,12.65251997,42.89392022
MONTELEONE DI SPOLETO,12.95158880,42.65112459
MONTE SANTA MARIA TIBERINA,12.16292237,43.43681364
MONTONE,12.32683880,43.36371769
NOCERA UMBRA,12.79031861,43.11094788
NORCIA,13.09285285,42.79236160
PACIANO,12.07100814,43.02209431
PANICALE,12.10062935,43.02935621
PASSIGNANO SUL TRASIMENO,12.13688363,43.18495083
PERUGIA,12.38824699,43.10675840
PIEGARO,12.08582134,42.97051088
PIETRALUNGA,12.43684299,43.44218931
POGGIODOMO,12.93472332,42.71167666
PRECI,13.03871860,42.87868098
SAN GIUSTINO,12.17675249,43.54864869
SANT'ANATOLIA DI NARCO,12.83600807,42.73311656
SCHEGGIA E PASCELUPO,12.66800081,43.40373635
SCHEGGINO,12.83118953,42.71258733
SELLANO,12.92706915,42.88882783
SIGILLO,12.74076941,43.33128360
SPELLO,12.67126173,42.99250937
SPOLETO,12.73830119,42.73448355
TODI,12.40689673,42.78224880
TORGIANO,12.43398052,43.02572640
TREVI,12.74769941,42.87712949
TUORO SUL TRASIMENO,12.07173598,43.20875849
UMBERTIDE,12.32693492,43.30646239
VALFABBRICA,12.60129441,43.15940657
VALLO DI NERA,12.86220539,42.76931597
VALTOPINA,12.75447309,43.05903670
ACQUASPARTA,12.54631473,42.69062742
ALLERONA,11.97385887,42.81170398
ALVIANO,12.29564824,42.58772713
AMELIA,12.41191794,42.55889701
ARRONE,12.76962517,42.58314672
ATTIGLIANO,12.28942454,42.51493803
BASCHI,12.21627640,42.67013123
CALVI DELL'UMBRIA,12.56678631,42.40114111
CASTEL GIORGIO,11.97960194,42.70779275
CASTEL VISCARDO,12.00153506,42.75574240
FABRO,12.01294186,42.86344686
FERENTILLO,12.78986721,42.62053296
FICULLE,12.06634307,42.83632012
GIOVE,12.32505030,42.50928609
GUARDEA,12.29723847,42.62353076
LUGNANO IN TEVERINA,12.33032186,42.57428706
MONTECASTRILLI,12.48778680,42.64979219
MONTECCHIO,12.28799914,42.66237686
MONTEFRANCO,12.76660902,42.59704856
MONTEGABBIONE,12.09252585,42.92123817
MONTELEONE D'ORVIETO,12.05156237,42.91646062
NARNI,12.51528967,42.51925810
ORVIETO,12.10831017,42.71817773
OTRICOLI,12.47829719,42.42334290
PARRANO,12.10569682,42.86353142
PENNA IN TEVERINA,12.35538550,42.49301561
POLINO,12.84380126,42.58480961
PORANO,12.10199382,42.68703342
SAN GEMINI,12.54624736,42.61338039
SAN VENANZO,12.26620541,42.86885453
STRONCONE,12.66274663,42.49825057
TERNI,12.64668751,42.56071258
AVIGLIANO UMBRO,12.42809534,42.65508185
ACQUAPENDENTE,11.86505396,42.74404371
ARLENA DI CASTRO,11.82358342,42.46300273
BAGNOREGIO,12.09850331,42.62607501
BARBARANO ROMANO,12.06596285,42.25224905
BASSANO ROMANO,12.19265891,42.21828248
BASSANO IN TEVERINA,12.30840046,42.46308252
BLERA,12.02576207,42.27419127
BOLSENA,11.98758564,42.64473634
BOMARZO,12.25137261,42.49102137
CALCATA,12.42572011,42.21975805
CANEPINA,12.23365130,42.38080290
CANINO,11.74907335,42.46417405
CAPODIMONTE,11.90629883,42.54894033
CAPRANICA,12.17806154,42.25667881
CAPRAROLA,12.23796760,42.32757149
CARBOGNANO,12.26677248,42.33211081
CASTEL SANT'ELIA,12.36809312,42.24932447
CASTIGLIONE IN TEVERINA,12.20411325,42.64495596
CELLENO,12.12640548,42.55980332
CELLERE,11.76784122,42.50798961
CIVITA CASTELLANA,12.41176641,42.28917672
CIVITELLA D'AGLIANO,12.18795854,42.60622651
CORCHIANO,12.35664030,42.34558918
FABRICA DI ROMA,12.29517695,42.33473421
FALERIA,12.44319267,42.22625450
FARNESE,11.72449715,42.55018022
GALLESE,12.40449190,42.37241450
GRADOLI,11.85609185,42.64373853
GRAFFIGNANO,12.20480114,42.57319312
GROTTE DI CASTRO,11.87023789,42.67394823
ISCHIA DI CASTRO,11.75781453,42.54417034
LATERA,11.82842980,42.62640578
LUBRIANO,12.10712247,42.63534826
MARTA,11.92515695,42.53500095
MONTALTO DI CASTRO,11.60417830,42.35322958
MONTEFIASCONE,12.03036871,42.53761440
MONTE ROMANO,11.89877735,42.26791669
MONTEROSI,12.30994148,42.19559259
NEPI,12.34881332,42.24237020
ONANO,11.81498404,42.69372417
ORIOLO ROMANO,12.13806733,42.15846313
ORTE,12.38639201,42.46044511
PIANSANO,11.82824744,42.51788690
PROCENO,11.83043541,42.75720626
RONCIGLIONE,12.21573343,42.29171900
VILLA SAN GIOVANNI IN TUSCIA,12.05294039,42.28352046
SAN LORENZO NUOVO,11.90609726,42.68559315
SORIANO NEL CIMINO,12.23472232,42.41892819
SUTRI,12.22484309,42.24202105
TARQUINIA,11.75823363,42.25445005
TESSENNANO,11.79232316,42.48041292
TUSCANIA,11.87564309,42.41671675
VALENTANO,11.81838045,42.56920061
VALLERANO,12.26395806,42.38378156
VASANELLO,12.34649455,42.41815812
VEJANO,12.09527630,42.21630253
VETRALLA,12.05352034,42.32081893
VIGNANELLO,12.27807018,42.38384340
VITERBO,12.10473417,42.41738279
VITORCHIANO,12.17422339,42.47031031
ACCUMOLI,13.24768618,42.69478482
AMATRICE,13.28838645,42.62938445
ANTRODOCO,13.08020398,42.41753444
ASCREA,12.99672207,42.19569977
BELMONTE IN SABINA,12.89269099,42.31825684
BORBONA,13.13254691,42.51224599
BORGOROSE,13.23257107,42.19338673
BORGO VELINO,13.05849178,42.40560326
CANTALICE,12.90354982,42.46829750
CANTALUPO IN SABINA,12.64677340,42.30787333
CASAPROTA,12.80366243,42.25184635
CASPERIA,12.67030246,42.33795917
CASTEL DI TORA,12.96433360,42.21549311
CASTELNUOVO DI FARFA,12.74269994,42.23191048
CASTEL SANT'ANGELO,13.02993539,42.39477735
CITTADUCALE,12.94815044,42.38666058
CITTAREALE,13.15983457,42.61761561
COLLALTO SABINO,13.04828421,42.13642854
COLLE DI TORA,12.94777706,42.21208443
COLLEGIOVE,13.03707139,42.17488382
COLLEVECCHIO,12.55272005,42.33544102
COLLI SUL VELINO,12.77970786,42.49898368
CONCERVIANO,12.98572319,42.32344830
CONFIGNI,12.64234768,42.42362526
CONTIGLIANO,12.76654796,42.41074729
COTTANELLO,12.68643862,42.40618185
FARA IN SABINA,12.72925133,42.20952713
FIAMIGNANO,13.12550508,42.26482200
FORANO,12.59503004,42.29791477
FRASSO SABINO,12.80531328,42.22966540
GRECCIO,12.76910487,42.45368971
LABRO,12.80017121,42.52577061
LEONESSA,12.96389910,42.56148656
LONGONE SABINO,12.96549467,42.27242688
MAGLIANO SABINA,12.48099427,42.36133088
MARCETELLI,13.04722780,42.22678804
MICIGLIANO,13.05493259,42.45094662
MOMPEO,12.75117077,42.24771216
MONTASOLA,12.68099168,42.38556136
MONTEBUONO,12.59770719,42.36590805
MONTELEONE SABINO,12.85902262,42.23257917
MONTENERO SABINO,12.81316502,42.28124115
MONTE SAN GIOVANNI IN SABINA,12.77768379,42.32818184
MONTOPOLI DI SABINA,12.69191102,42.24470700
MORRO REATINO,12.83216365,42.52584956
NESPOLO,13.06948311,42.15574574
ORVINIO,12.93747278,42.13155692
PAGANICO SABINO,12.99748681,42.18954914
PESCOROCCHIANO,13.14849923,42.20605943
PETRELLA SALTO,13.06836049,42.29456266
POGGIO BUSTONE,12.88579738,42.50213769
POGGIO CATINO,12.69180997,42.29507251
POGGIO MIRTETO,12.68365453,42.26459033
POGGIO MOIANO,12.87711591,42.20187049
POGGIO NATIVO,12.79532867,42.21582394
POGGIO SAN LORENZO,12.84551099,42.25290356
POSTA,13.09624450,42.52345282
POZZAGLIA SABINA,12.96455168,42.15979452
RIETI,12.86205941,42.40488444
RIVODUTRI,12.85515228,42.51603831
ROCCANTICA,12.69233445,42.32080116
ROCCA SINIBALDA,12.92576363,42.27421911
SALISANO,12.74561588,42.25748301
SCANDRIGLIA,12.84210334,42.16506269
SELCI,12.62266916,42.31971812
STIMIGLIANO,12.56568827,42.29775911
TARANO,12.59489330,42.35584072
TOFFIA,12.75236800,42.21251146
TORRICELLA IN SABINA,12.86972234,42.26074633
TORRI IN SABINA,12.63846745,42.35308155
TURANIA,13.00977455,42.13743100
VACONE,12.63579383,42.38626810
VARCO SABINO,13.01996173,42.23963177
AFFILE,13.09728573,41.88437970
AGOSTA,13.03208284,41.98200211
ALBANO LAZIALE,12.65870332,41.72911179
ALLUMIERE,11.90213898,42.15653936
ANGUILLARA SABAZIA,12.26978922,42.09291489
ANTICOLI CORRADO,12.99038438,42.00933844
ANZIO,12.62871796,41.44805488
ARCINAZZO ROMANO,13.11410074,41.88021199
ARICCIA,12.67058132,41.72002036
ARSOLI,13.01652592,42.04140907
ARTENA,12.91536174,41.73866267
BELLEGRA,13.02804743,41.88107829
BRACCIANO,12.17562398,42.10335079
CAMERATA NUOVA,13.10813431,42.01844898
CAMPAGNANO DI ROMA,12.38325316,42.14081533
CANALE MONTERANO,12.10353490,42.13666615
CANTERANO,13.03756772,41.94185299
CAPENA,12.53927993,42.14078338
CAPRANICA PRENESTINA,12.95234869,41.86207232
CARPINETO ROMANO,13.08530300,41.60441817
CASAPE,12.88613851,41.90640585
CASTEL GANDOLFO,12.65046085,41.74675972
CASTEL MADAMA,12.86857387,41.97566126
CASTELNUOVO DI PORTO,12.50044876,42.12579460
CASTEL SAN PIETRO ROMANO,12.89475264,41.84637230
CAVE,12.93178739,41.81808415
CERRETO LAZIALE,12.98165037,41.94436521
CERVARA DI ROMA,13.06769786,41.98808485
CERVETERI,12.09896835,41.99824253
CICILIANO,12.94163690,41.96123855
CINETO ROMANO,12.96392369,42.05024048
CIVITAVECCHIA,11.79337907,42.09212993
CIVITELLA SAN PAOLO,12.58250291,42.19588589
COLLEFERRO,13.00559155,41.73041246
COLONNA,12.75111571,41.83430617
FIANO ROMANO,12.59244302,42.17200417
FILACCIANO,12.59771008,42.25517909
FORMELLO,12.40084704,42.08022139
FRASCATI,12.68079241,41.80598978
GALLICANO NEL LAZIO,12.82256314,41.87003789
GAVIGNANO,13.05260268,41.69808256
GENAZZANO,12.97235401,41.83171814
GENZANO DI ROMA,12.69132211,41.70690415
GERANO,12.99397258,41.93381754
GORGA,13.11078959,41.65594230
GROTTAFERRATA,12.66772877,41.78846097
GUIDONIA MONTECELIO,12.72638633,42.00007800
JENNE,13.16781049,41.88747034
LABICO,12.88606511,41.78562954
LANUVIO,12.70297830,41.67976979
LICENZA,12.90172348,42.07436079
MAGLIANO ROMANO,12.43629649,42.15986389
MANDELA,12.92375346,42.03194380
MANZIANA,12.12824574,42.12945259
MARANO EQUO,13.01686199,41.99465909
MARCELLINA,12.80724546,42.02299629
MARINO,12.65860986,41.76970177
MAZZANO ROMANO,12.39943403,42.20466917
MENTANA,12.63722447,42.03370532
MONTE COMPATRI,12.73699939,41.80827950
MONTEFLAVIO,12.83070249,42.11099032
MONTELANICO,13.03954770,41.64954284
MONTELIBRETTI,12.73887802,42.13494236
MONTE PORZIO CATONE,12.71666163,41.81560031
MONTEROTONDO,12.61624809,42.05132067
MONTORIO ROMANO,12.80593453,42.13726876
MORICONE,12.77393687,42.11659725
MORLUPO,12.50441308,42.14283117
NAZZANO,12.59725095,42.22864975
NEMI,12.71442613,41.72015954
NEROLA,12.78665137,42.16202285
NETTUNO,12.66141549,41.45748878
OLEVANO ROMANO,13.03247714,41.86072510
PALESTRINA,12.88915634,41.83942538
PALOMBARA SABINA,12.76511218,42.06654600
PERCILE,12.91040936,42.09466158
PISONIANO,12.95900084,41.90814687
POLI,12.89328898,41.88717142
POMEZIA,12.50163468,41.67003149
PONZANO ROMANO,12.57186287,42.25820276
RIANO,12.52273093,42.09138788
RIGNANO FLAMINIO,12.48070804,42.20974459
RIOFREDDO,12.99949492,42.06136980
ROCCA CANTERANO,13.02386774,41.95497407
ROCCA DI CAVE,12.94559134,41.84634046
ROCCA DI PAPA,12.70842384,41.76199841
ROCCAGIOVINE,12.89860198,42.05023163
ROCCA PRIORA,12.76324846,41.79422359
ROCCA SANTO STEFANO,13.02446967,41.91052219
ROIATE,13.06445203,41.87412437
ROMA,12.48366723,41.89277044
ROVIANO,12.99452797,42.02614365
SACROFANO,12.44781552,42.10575247
SAMBUCI,12.93740404,41.98627446
SAN GREGORIO DA SASSOLA,12.87253225,41.91815747
SAN POLO DEI CAVALIERI,12.84004589,42.01230773
SANTA MARINELLA,11.85414402,42.03356550
SANT'ANGELO ROMANO,12.71302578,42.03401823
SANT'ORESTE,12.51988081,42.23405018
SAN VITO ROMANO,12.98334230,41.88276576
SARACINESCO,12.95229741,42.00407117
SEGNI,13.02317379,41.69145242
SUBIACO,13.09973738,41.92523064
TIVOLI,12.79846907,41.96349840
TOLFA,11.93775828,42.14957732
TORRITA TIBERINA,12.61740749,42.23678240
TREVIGNANO ROMANO,12.24515101,42.15575986
VALLEPIETRA,13.23084982,41.92679510
VALLINFREDA,12.99540737,42.08448991
VALMONTONE,12.91774603,41.77688498
VELLETRI,12.77719681,41.68638171
VICOVARO,12.89153400,42.01448366
VIVARO ROMANO,13.00664217,42.10031667
ZAGAROLO,12.82963823,41.83986542
LARIANO,12.83261406,41.72792282
LADISPOLI,12.06998590,41.95487983
ARDEA,12.54537478,41.60929055
CIAMPINO,12.60168888,41.80288346
SAN CESAREO,12.80070668,41.82146590
FIUMICINO,12.23686815,41.77221205
FONTE NUOVA,12.61887253,41.99627325
APRILIA,12.64816922,41.59415376
BASSIANO,13.03225445,41.54933965
CAMPODIMELE,13.53023042,41.38979943
CASTELFORTE,13.82274862,41.30023026
CISTERNA DI LATINA,12.82827445,41.59277039
CORI,12.91320333,41.64241501
FONDI,13.42990802,41.35691056
FORMIA,13.60592654,41.25568883
GAETA,13.57195666,41.21336432
ITRI,13.53125650,41.29091913
LATINA,12.90368485,41.46759464
LENOLA,13.46182316,41.40949055
MAENZA,13.18067589,41.52275399
MINTURNO,13.74656442,41.26245383
MONTE SAN BIAGIO,13.35115039,41.35296788
NORMA,12.97252223,41.58528452
PONTINIA,13.04402760,41.40822926
PONZA,12.96868459,40.89486838
PRIVERNO,13.18065288,41.47400223
PROSSEDI,13.26105909,41.51691062
ROCCAGORGA,13.15533995,41.52611175
ROCCA MASSIMA,12.91986368,41.67836612
ROCCASECCA DEI VOLSCI,13.21249479,41.47982903
SABAUDIA,13.02490624,41.30012397
SAN FELICE CIRCEO,13.08869724,41.23348225
SANTI COSMA E DAMIANO,13.81401718,41.29983205
SERMONETA,12.98383195,41.54973365
SEZZE,13.05876813,41.49794258
SONNINO,13.24168557,41.41424407
SPERLONGA,13.43615340,41.25734903
SPIGNO SATURNIA,13.73422918,41.30554026
TERRACINA,13.24878732,41.29189727
VENTOTENE,13.43304688,40.79636158
ACQUAFONDATA,13.95216686,41.54312171
ACUTO,13.17302627,41.79186612
ALATRI,13.34210735,41.72647125
ALVITO,13.74263677,41.68776332
AMASENO,13.33578221,41.46812425
ANAGNI,13.15452041,41.74393633
AQUINO,13.70399751,41.49248588
ARCE,13.57406212,41.58777950
ARNARA,13.38767675,41.58376978
ARPINO,13.61079096,41.64812799
ATINA,13.80035528,41.61982849
AUSONIA,13.74885639,41.35424556
BELMONTE CASTELLO,13.81174168,41.57825599
BOVILLE ERNICA,13.47086194,41.64313009
BROCCOSTELLA,13.63445627,41.70351486
CAMPOLI APPENNINO,13.67882200,41.73786216
CASALATTICO,13.72466715,41.62146632
CASALVIERI,13.71315701,41.63141639
CASSINO,13.83012821,41.49267611
CASTELLIRI,13.55048133,41.67931153
CASTELNUOVO PARANO,13.75533546,41.37776072
CASTROCIELO,13.69628897,41.53117816
CASTRO DEI VOLSCI,13.40667433,41.50865805
CECCANO,13.33363716,41.56856480
CEPRANO,13.51942338,41.54568915
CERVARO,13.90505228,41.48103896
COLFELICE,13.60565991,41.55588125
COLLEPARDO,13.36771371,41.76118715
COLLE SAN MAGNO,13.69399220,41.54983510
CORENO AUSONIO,13.77731912,41.34629044
ESPERIA,13.68493518,41.38519021
FALVATERRA,13.52259063,41.50386136
FERENTINO,13.25284809,41.69231575
FILETTINO,13.32412179,41.89024232
FIUGGI,13.22124822,41.80425759
FONTANA LIRI,13.54994777,41.61106913
FONTECHIARI,13.67654778,41.67003168
FROSINONE,13.35117166,41.63964569
FUMONE,13.28946381,41.72795166
GALLINARO,13.79863898,41.65778491
GIULIANO DI ROMA,13.27971133,41.53983203
GUARCINO,13.31389882,41.79951641
ISOLA DEL LIRI,13.57497154,41.67841900
MONTE SAN GIOVANNI CAMPANO,13.51586013,41.63904533
MOROLO,13.19702178,41.63783758
PALIANO,13.05934171,41.80489346
PASTENA,13.49201899,41.46794560
PATRICA,13.24387320,41.59212998
PESCOSOLIDO,13.65572861,41.74971968
PICINISCO,13.86717295,41.64682749
PICO,13.55871303,41.45170844
PIEDIMONTE SAN GERMANO,13.75034131,41.49737148
PIGLIO,13.14554512,41.83015810
PIGNATARO INTERAMNA,13.78895277,41.43728173
POFI,13.41527811,41.56545286
PONTECORVO,13.66537138,41.45740222
POSTA FIBRENO,13.69687631,41.69339124
RIPI,13.42648911,41.61271944
ROCCA D'ARCE,13.58373640,41.58753355
ROCCASECCA,13.66861615,41.55183951
SAN BIAGIO SARACINISCO,13.92766700,41.61349672
SAN DONATO VAL DI COMINO,13.81377968,41.70814975
SAN GIORGIO A LIRI,13.76661817,41.40686611
SAN GIOVANNI INCARICO,13.55718757,41.50302084
SANT'AMBROGIO SUL GARIGLIANO,13.86911698,41.39037063
SANT'ANDREA DEL GARIGLIANO,13.84190980,41.36584859
SANT'APOLLINARE,13.83064469,41.40194816
SANT'ELIA FIUMERAPIDO,13.86540818,41.53966434
SANTOPADRE,13.63483503,41.60306777
SAN VITTORE DEL LAZIO,13.93553502,41.46432341
SERRONE,13.09654728,41.84066558
SETTEFRATI,13.85022232,41.67028051
SGURGOLA,13.14978577,41.67072454
SORA,13.61362757,41.72008003
STRANGOLAGALLI,13.49189605,41.60110077
SUPINO,13.22332679,41.60898643
TERELLE,13.77894017,41.55356649
TORRE CAJETANI,13.26303686,41.78921542
TORRICE,13.39810945,41.62950876
TREVI NEL LAZIO,13.24810530,41.86223006
TRIVIGLIANO,13.27282046,41.77595255
VALLECORSA,13.40576692,41.44465676
VALLEMAIO,13.81155025,41.36610154
VALLEROTONDA,13.91259942,41.55217081
VEROLI,13.41787776,41.69100425
VICALVI,13.70593287,41.67650371
VICO NEL LAZIO,13.34159730,41.77679317
VILLA LATINA,13.83735600,41.61381675
VILLA SANTA LUCIA,13.76979347,41.50910263
VILLA SANTO STEFANO,13.31096059,41.51691711
VITICUSO,13.96868058,41.52461286
AILANO,14.20351931,41.39076138
ALIFE,14.33616107,41.32713742
ALVIGNANO,14.33676719,41.24491961
ARIENZO,14.49379698,41.02554469
AVERSA,14.20627126,40.97307820
BAIA E LATINA,14.25034037,41.30053410
BELLONA,14.22849069,41.16032848
CAIANELLO,14.07807280,41.30426509
CAIAZZO,14.36567455,41.17756413
CALVI RISORTA,14.13101024,41.21559710
CAMIGLIANO,14.21035628,41.18289425
CANCELLO ED ARNONE,14.02597438,41.07353284
CAPODRISE,14.30075451,41.04196082
CAPRIATI A VOLTURNO,14.14610942,41.46926476
CAPUA,14.21085054,41.10762792
CARINARO,14.21700446,40.98895817
CARINOLA,13.98181287,41.18743798
CASAGIOVE,14.31119949,41.08218576
CASAL DI PRINCIPE,14.13055884,41.00735255
CASALUCE,14.19437506,41.00234452
CASAPULLA,14.28855719,41.07477399
CASERTA,14.33240485,41.07465878
CASTEL CAMPAGNANO,14.45300290,41.18239826
CASTEL DI SASSO,14.28435634,41.19769212
CASTELLO DEL MATESE,14.37791299,41.36675267
CASTEL MORRONE,14.35762396,41.12028848
CASTEL VOLTURNO,13.94094427,41.03460530
CERVINO,14.42434334,41.03971000
CESA,14.23044571,40.96254438
CIORLANO,14.15804795,41.45047076
CONCA DELLA CAMPANIA,13.99142237,41.33173758
CURTI,14.27655605,41.07449401
DRAGONI,14.30845696,41.27339687
FONTEGRECA,14.18384850,41.45652512
FORMICOLA,14.23299177,41.21071714
FRANCOLISE,14.05618895,41.18521699
FRIGNANO,14.17949932,40.99496906
GALLO MATESE,14.22518593,41.46498739
GALLUCCIO,13.95613005,41.34148314
GIANO VETUSTO,14.19310542,41.20407654
GIOIA SANNITICA,14.44380863,41.29965161
GRAZZANISE,14.09822789,41.09020288
GRICIGNANO DI AVERSA,14.23285595,40.98152228
LETINO,14.24998246,41.45233405
LIBERI,14.28220876,41.22276520
LUSCIANO,14.19168991,40.96967738
MACERATA CAMPANIA,14.27444243,41.06309777
MADDALONI,14.38381932,41.03861142
MARCIANISE,14.29945330,41.03554506
MARZANO APPIO,14.03933051,41.31628332
MIGNANO MONTE LUNGO,13.98743095,41.40673147
MONDRAGONE,13.88716123,41.11293737
ORTA DI ATELLA,14.26935489,40.96645147
PARETE,14.16421608,40.95650571
PASTORANO,14.20148269,41.18228429
PIANA DI MONTE VERNA,14.33404820,41.16755929
PIEDIMONTE MATESE,14.37421618,41.35594304
PIETRAMELARA,14.18614179,41.26686257
PIETRAVAIRANO,14.16221729,41.32194969
PIGNATARO MAGGIORE,14.17125085,41.18929052
PONTELATONE,14.25104785,41.19344415
PORTICO DI CASERTA,14.28053771,41.05649050
PRATA SANNITA,14.20345479,41.43227140
PRATELLA,14.17913123,41.40578832
PRESENZANO,14.07857094,41.37746119
RAVISCANINA,14.24281635,41.37052383
RECALE,14.30302105,41.05638610
RIARDO,14.14904208,41.26398940
ROCCA D'EVANDRO,13.89662243,41.39470214
ROCCAMONFINA,13.97905493,41.28683417
ROCCAROMANA,14.22319539,41.27400185
ROCCHETTA E CROCE,14.15764611,41.23715985
RUVIANO,14.40983327,41.21062670
SAN CIPRIANO D'AVERSA,14.13456689,40.99968716
SAN FELICE A CANCELLO,14.48097397,41.01178890
SAN GREGORIO MATESE,14.37217206,41.38555981
SAN MARCELLINO,14.17390517,40.98671424
SAN NICOLA LA STRADA,14.33135439,41.05449475
SAN PIETRO INFINE,13.95697782,41.44589132
SAN POTITO SANNITICO,14.39297847,41.33832178
SAN PRISCO,14.27869652,41.08589926
SANTA MARIA A VICO,14.46349540,41.02724272
SANTA MARIA CAPUA VETERE,14.26158174,41.07755469
SANTA MARIA LA FOSSA,14.13109737,41.09328983
SAN TAMMARO,14.23202202,41.07668838
SANT'ANGELO D'ALIFE,14.25965786,41.36264470
SANT'ARPINO,14.25231539,40.95788128
SESSA AURUNCA,13.93278984,41.24311381
SPARANISE,14.09637420,41.19057397
SUCCIVO,14.25317294,40.96550646
TEANO,14.06867782,41.24967248
TEVEROLA,14.20834928,40.99332422
TORA E PICCILLI,14.02195483,41.33834732
TRENTOLA DUCENTA,14.17561733,40.97565323
VAIRANO PATENORA,14.13172659,41.33306519
VALLE AGRICOLA,14.25593108,41.42427958
VALLE DI MADDALONI,14.41679476,41.08011467
VILLA DI BRIANO,14.16848121,40.99834392
VILLA LITERNO,14.07410810,41.00973652
VITULAZIO,14.21898751,41.16412896
FALCIANO DEL MASSICO,13.94886240,41.16754649
CELLOLE,13.85489865,41.20444362
CASAPESENNA,14.13302867,40.98903859
SAN MARCO EVANGELISTA,14.34320904,41.03761062
AIROLA,14.56140691,41.06632744
AMOROSI,14.46115943,41.20530843
APICE,14.93107277,41.11857609
APOLLOSA,14.70452460,41.09342313
ARPAIA,14.55176809,41.03685746
ARPAISE,14.74370822,41.03063198
BASELICE,14.97257424,41.39742456
BENEVENTO,14.78151720,41.12969986
BONEA,14.61856038,41.07494435
BUCCIANO,14.56996946,41.07704547
BUONALBERGO,14.97735441,41.22130851
CALVI,14.86690871,41.07242545
CAMPOLATTARO,14.73043517,41.28693249
CAMPOLI DEL MONTE TABURNO,14.64649475,41.13074190
CASALDUNI,14.69521255,41.26028660
CASTELFRANCO IN MISCANO,15.08257087,41.29686774
CASTELPAGANO,14.80667997,41.40251506
CASTELPOTO,14.69971087,41.14096887
CASTELVENERE,14.54743509,41.23461140
CASTELVETERE IN VAL FORTORE,14.94213224,41.44196910
CAUTANO,14.63796656,41.14920330
CEPPALONI,14.76112488,41.04556930
CERRETO SANNITA,14.55689090,41.28321897
CIRCELLO,14.80828522,41.35602914
COLLE SANNITA,14.83295842,41.36376927
CUSANO MUTRI,14.50879373,41.33756175
DUGENTA,14.45372610,41.13518764
DURAZZANO,14.44690145,41.06139884
FAICCHIO,14.47948684,41.27840301
FOGLIANISE,14.67155655,41.15696538
FOIANO DI VAL FORTORE,14.97403127,41.35245427
FORCHIA,14.53683858,41.03021164
FRAGNETO L'ABATE,14.78200173,41.25561235
FRAGNETO MONFORTE,14.76342439,41.24633550
FRASSO TELESINO,14.52740031,41.15752604
GINESTRA DEGLI SCHIAVONI,15.04238270,41.27943084
GUARDIA SANFRAMONDI,14.60000778,41.25651724
LIMATOLA,14.39437660,41.14092629
MELIZZANO,14.50444253,41.16133116
MOIANO,14.54636351,41.07824066
MOLINARA,14.90990199,41.29376033
MONTEFALCONE DI VAL FORTORE,15.00925499,41.32609614
MONTESARCHIO,14.64054086,41.06363722
MORCONE,14.66404873,41.34020414
PADULI,14.88730278,41.16859857
PAGO VEIANO,14.87351296,41.24652793
PANNARANO,14.70242051,41.01129378
PAOLISI,14.57917957,41.03730626
PAUPISI,14.66457333,41.19661931
PESCO SANNITA,14.81092001,41.23435632
PIETRAROJA,14.54987015,41.34731855
PIETRELCINA,14.84874802,41.19688012
PONTE,14.68997449,41.21301520
PONTELANDOLFO,14.69073975,41.28849538
PUGLIANELLO,14.45023497,41.22178939
REINO,14.82258257,41.29228226
SAN BARTOLOMEO IN GALDO,15.01507903,41.40978352
SAN GIORGIO DEL SANNIO,14.85355966,41.06240988
SAN GIORGIO LA MOLARA,14.91764227,41.27116885
SAN LEUCIO DEL SANNIO,14.75767623,41.07269478
SAN LORENZELLO,14.54117138,41.27603221
SAN LORENZO MAGGIORE,14.62567243,41.25030378
SAN LUPO,14.63510545,41.26044702
SAN MARCO DEI CAVOTI,14.88068430,41.30601106
SAN MARTINO SANNITA,14.83492289,41.06545883
SAN NAZZARO,14.85679390,41.04971394
SAN NICOLA MANFREDI,14.82442820,41.07246771
SAN SALVATORE TELESINO,14.49488000,41.23579869
SANTA CROCE DEL SANNIO,14.73229291,41.38792716
SANT'AGATA DE' GOTI,14.50380976,41.09079593
SANT'ANGELO A CUPOLO,14.80350645,41.06797799
SASSINORO,14.66230742,41.37466846
SOLOPACA,14.55292382,41.19401297
TELESE TERME,14.53112065,41.21950482
TOCCO CAUDIO,14.63248011,41.12514712
TORRECUSO,14.68101848,41.18589327
VITULANO,14.65004535,41.17284664
SANT'ARCANGELO TRIMONTE,14.93882825,41.16901148
ACERRA,14.37118408,40.94586399
AFRAGOLA,14.30986619,40.92236049
AGEROLA,14.54491648,40.63798358
ANACAPRI,14.21653675,40.55142386
ARZANO,14.26920831,40.91062506
BACOLI,14.07840386,40.79708543
BARANO D'ISCHIA,13.91624742,40.71063245
BOSCOREALE,14.47527288,40.77531827
BOSCOTRECASE,14.46107403,40.77626907
BRUSCIANO,14.42253614,40.92061462
CAIVANO,14.30106405,40.95675860
CALVIZZANO,14.18959008,40.90751841
CAMPOSANO,14.52498309,40.95590031
CAPRI,14.24304642,40.55096848
CARBONARA DI NOLA,14.57608435,40.87511529
CARDITO,14.29533786,40.94647626
CASALNUOVO DI NAPOLI,14.35118620,40.91481074
CASAMARCIANO,14.55358491,40.93289150
CASAMICCIOLA TERME,13.90747888,40.74671279
CASANDRINO,14.25137922,40.93573734
CASAVATORE,14.27452776,40.90011759
CASOLA DI NAPOLI,14.52863632,40.69435863
CASORIA,14.29026011,40.90566059
CASTELLAMMARE DI STABIA,14.48032413,40.69452529
CASTELLO DI CISTERNA,14.40789431,40.91669614
CERCOLA,14.35891456,40.86004789
CICCIANO,14.54320212,40.96363427
CIMITILE,14.52673141,40.93971870
COMIZIANO,14.54934835,40.95251006
CRISPANO,14.28492170,40.95261244
FORIO,13.85726258,40.73778595
FRATTAMAGGIORE,14.27258035,40.94120241
FRATTAMINORE,14.27090135,40.95564984
GIUGLIANO IN CAMPANIA,14.20108889,40.92833418
GRAGNANO,14.52098181,40.68982752
GRUMO NEVANO,14.25975251,40.93825066
ISCHIA,13.94133431,40.74142841
LACCO AMENO,13.88438822,40.75451533
LETTERE,14.54461293,40.70441338
LIVERI,14.56713469,40.90236257
MARANO DI NAPOLI,14.19036418,40.89862689
MARIGLIANELLA,14.43852429,40.92662492
MARIGLIANO,14.45701884,40.92523504
MASSA LUBRENSE,14.34403548,40.61112017
MELITO DI NAPOLI,14.23270068,40.92402544
META,14.41268540,40.64403352
MONTE DI PROCIDA,14.05389718,40.79500583
MUGNANO DI NAPOLI,14.20649130,40.90950996
NAPOLI,14.25085002,40.83956554
NOLA,14.52683267,40.92632842
OTTAVIANO,14.47744172,40.84936031
PALMA CAMPANIA,14.55633716,40.86703164
PIANO DI SORRENTO,14.41322170,40.63390065
PIMONTE,14.51345416,40.67368689
POGGIOMARINO,14.54080543,40.79866598
POLLENA TROCCHIA,14.37874203,40.85809414
POMIGLIANO D'ARCO,14.39335586,40.90689555
POMPEI,14.50001431,40.74841783
PORTICI,14.35421459,40.82375707
POZZUOLI,14.09089480,40.84681848
PROCIDA,14.02403961,40.76578674
QUALIANO,14.15086705,40.92020070
QUARTO,14.14350978,40.87770075
ERCOLANO,14.34571485,40.80927768
ROCCARAINOLA,14.56205809,40.97242207
SAN GENNARO VESUVIANO,14.52929174,40.86118903
SAN GIORGIO A CREMANO,14.33392579,40.82921168
SAN GIUSEPPE VESUVIANO,14.50617697,40.83425724
SAN PAOLO BEL SITO,14.54838850,40.91271807
SAN SEBASTIANO AL VESUVIO,14.37178089,40.84105537
SANT'AGNELLO,14.39764006,40.63474436
SANT'ANASTASIA,14.40211956,40.86700769
SANT'ANTIMO,14.23602873,40.93327136
SANT'ANTONIO ABATE,14.54695442,40.72247196
SAN VITALIANO,14.48219363,40.92292749
SAVIANO,14.50962223,40.91112824
SCISCIANO,14.48281569,40.91740850
SERRARA FONTANA,13.89310828,40.71185886
SOMMA VESUVIANA,14.43975190,40.86831181
SORRENTO,14.37853298,40.62822730
STRIANO,14.57788595,40.81385972
TERZIGNO,14.49767475,40.80768222
TORRE ANNUNZIATA,14.44758612,40.75817312
TORRE DEL GRECO,14.36552432,40.78669006
TUFINO,14.56516692,40.95558945
VICO EQUENSE,14.42533592,40.66443364
VILLARICCA,14.19481827,40.92181295
VISCIANO,14.58724433,40.92372561
VOLLA,14.34632248,40.87950851
SANTA MARIA LA CARITA,14.51294142,40.72100053
TRECASE,14.43595161,40.76986714
MASSA DI SOMMA,14.37739800,40.84660798
AIELLO DEL SABATO,14.81982895,40.88916045
ALTAVILLA IRPINA,14.77745859,41.00583009
ANDRETTA,15.32147231,40.93254843
AQUILONIA,15.47175714,40.98660751
ARIANO IRPINO,15.09006787,41.15385883
ATRIPALDA,14.83665185,40.91799979
AVELLA,14.59994590,40.96033617
AVELLINO,14.79528841,40.91404698
BAGNOLI IRPINO,15.06982281,40.83266201
BAIANO,14.61712905,40.95141659
BISACCIA,15.37502023,41.01318144
BONITO,15.00287184,41.10231266
CAIRANO,15.37015110,40.89634583
CALABRITTO,15.21975331,40.78359575
CALITRI,15.43866059,40.90045423
CANDIDA,14.87371614,40.94130764
CAPOSELE,15.22614616,40.81362630
CAPRIGLIA IRPINA,14.77543902,40.95580197
CARIFE,15.20812925,41.02744097
CASALBORE,15.00405855,41.23420855
CASSANO IRPINO,15.02612109,40.87018845
CASTEL BARONIA,15.18836128,41.04719906
CASTELFRANCI,15.04098844,40.93067693
CASTELVETERE SUL CALORE,14.98607475,40.92991600
CERVINARA,14.61721940,41.02073547
CESINALI,14.82975792,40.89612766
CHIANCHE,14.79090136,41.04370380
CHIUSANO DI SAN DOMENICO,14.91672780,40.93191370
CONTRADA,14.77328593,40.86717659
CONZA DELLA CAMPANIA,15.33570326,40.85724766
DOMICELLA,14.58677206,40.87931663
FLUMERI,15.15352418,41.07341274
FONTANAROSA,15.02052275,41.02040568
FORINO,14.73716998,40.86173617
FRIGENTO,15.09768868,41.01198680
GESUALDO,15.07043379,41.00658622
GRECI,15.16972604,41.24965844
GROTTAMINARDA,15.06009606,41.07097386
GROTTOLELLA,14.78616017,40.97232978
GUARDIA LOMBARDI,15.20764925,40.95465584
LACEDONIA,15.42476077,41.04944523
LAPIO,14.94786184,40.98448735
LAURO,14.63234651,40.87827998
LIONI,15.18844472,40.87749260
LUOGOSANO,14.99036768,40.98776695
MANOCALZATI,14.84913222,40.94143363
MARZANO DI NOLA,14.58178648,40.90020918
MELITO IRPINO,15.05388527,41.10289907
MERCOGLIANO,14.73613190,40.92011509
MIRABELLA ECLANO,14.99217637,41.04137986
MONTAGUTO,15.25015638,41.24905317
MONTECALVO IRPINO,15.03161925,41.19419528
MONTEFALCIONE,14.88450673,40.96406724
MONTEFORTE IRPINO,14.71387573,40.89001296
MONTEFREDANE,14.81298531,40.96033326
MONTEFUSCO,14.85521289,41.03769145
MONTELLA,15.01665759,40.84228603
MONTEMARANO,14.99692121,40.91982310
MONTEMILETTO,14.90719412,41.01146661
MONTEVERDE,15.53273882,40.99981170
MORRA DE SANCTIS,15.24396648,40.92311991
MOSCHIANO,14.65948381,40.87466861
MUGNANO DEL CARDINALE,14.64256166,40.93962605
NUSCO,15.08447214,40.88613977
OSPEDALETTO D'ALPINOLO,14.74554627,40.93919199
PAGO DEL VALLO DI LAURO,14.60518668,40.89678318
PAROLISE,14.88241645,40.93089171
PATERNOPOLI,15.03493023,40.97416859
PETRURO IRPINO,14.79729044,41.03158777
PIETRADEFUSI,14.88931134,41.03740745
PIETRASTORNINA,14.72956580,40.99203790
PRATA DI PRINCIPATO ULTRA,14.83708173,40.98649530
PRATOLA SERRA,14.85232404,40.98539583
QUADRELLE,14.63818968,40.94710126
QUINDICI,14.64823982,40.86250574
ROCCABASCERANA,14.71646080,41.01810007
ROCCA SAN FELICE,15.16512361,40.95101486
ROTONDI,14.59640064,41.03402760
SALZA IRPINA,14.89109819,40.91803220
SAN MANGO SUL CALORE,14.97251308,40.95889899
SAN MARTINO VALLE CAUDINA,14.66485987,41.02546343
SAN MICHELE DI SERINO,14.85550389,40.87717111
SAN NICOLA BARONIA,15.19813130,41.05945327
SAN POTITO ULTRA,14.87123621,40.92795775
SAN SOSSIO BARONIA,15.20329259,41.06694004
SANTA LUCIA DI SERINO,14.87201353,40.87327776
SANT'ANDREA DI CONZA,15.37173773,40.84412760
SANT'ANGELO ALL'ESCA,14.99316440,41.00652306
SANT'ANGELO A SCALA,14.73969557,40.97592276
SANT'ANGELO DEI LOMBARDI,15.17650215,40.92740593
SANTA PAOLINA,14.84630005,41.02201833
SANTO STEFANO DEL SOLE,14.86673772,40.89414063
SAVIGNANO IRPINO,15.17744194,41.22824236
SCAMPITELLA,15.29644646,41.09223800
SENERCHIA,15.20501562,40.74133261
SERINO,14.87230746,40.85518973
SIRIGNANO,14.62882453,40.94768496
SOLOFRA,14.84650623,40.83056029
SORBO SERPICO,14.88709497,40.91685069
SPERONE,14.60282378,40.95191535
STURNO,15.11247993,41.02217144
SUMMONTE,14.74697511,40.95008734
TAURANO,14.63611268,40.88402399
TAURASI,14.95788884,41.00680479
TEORA,15.25278579,40.85109065
TORELLA DEI LOMBARDI,15.11455072,40.94218490
TORRE LE NOCELLE,14.91263268,41.02075599
TORRIONI,14.81351286,41.03410042
TREVICO,15.23291800,41.04808037
TUFO,14.82425423,41.00995285
VALLATA,15.25135623,41.03692496
VALLESACCARDA,15.25196934,41.06441021
VENTICANO,14.91752220,41.04615500
VILLAMAINA,15.08817941,40.97121879
VILLANOVA DEL BATTISTA,15.15847289,41.12245092
VOLTURARA IRPINA,14.91716971,40.87882068
ZUNGOLI,15.20255560,41.12766031
MONTORO,14.7600,40.8216
ACERNO,15.05943917,40.73830300
AGROPOLI,14.99158917,40.34962772
ALBANELLA,15.11515285,40.47977693
ALFANO,15.42591415,40.17766666
ALTAVILLA SILENTINA,15.13759173,40.52717380
AMALFI,14.60521014,40.63424015
ANGRI,14.56844128,40.74321786
AQUARA,15.25320988,40.44280787
ASCEA,15.18401535,40.14337522
ATENA LUCANA,15.55815913,40.45463856
ATRANI,14.60842588,40.63651748
AULETTA,15.42410729,40.55814193
BARONISSI,14.77021449,40.74643066
BATTIPAGLIA,14.98344118,40.60767715
BELLOSGUARDO,15.31021488,40.42181689
BRACIGLIANO,14.71104830,40.82473827
BUCCINO,15.36732267,40.63105957
BUONABITACOLO,15.61936310,40.26880972
CAGGIANO,15.49648212,40.56715845
CALVANICO,14.82938846,40.77618838
CAMEROTA,15.37015789,40.03319085
CAMPAGNA,15.10702337,40.66560507
CAMPORA,15.29274679,40.30525408
CANNALONGA,15.29260531,40.24358439
CAPACCIO PAESTUM,15.08075018,40.42303253
CASALBUONO,15.68296763,40.21445576
CASALETTO SPARTANO,15.61856324,40.15165481
CASAL VELINO,15.10958371,40.18895029
CASELLE IN PITTARI,15.54391906,40.17243756
CASTELCIVITA,15.23299597,40.49297088
CASTELLABATE,14.94919693,40.28643787
CASTELNUOVO CILENTO,15.17802281,40.21846064
CASTELNUOVO DI CONZA,15.32126140,40.81816168
CASTEL SAN GIORGIO,14.69776639,40.78015493
CASTEL SAN LORENZO,15.22776940,40.41683390
CASTIGLIONE DEL GENOVESI,14.84822627,40.72504572
CAVA DE' TIRRENI,14.70597263,40.70080592
CELLE DI BULGHERIA,15.40573557,40.09491702
CENTOLA,15.30985282,40.06581271
CERASO,15.25854922,40.19295735
CETARA,14.70091545,40.64675721
CICERALE,15.12671799,40.34367888
COLLIANO,15.29243072,40.72519023
CONCA DEI MARINI,14.57424895,40.61787925
CONTRONE,15.20382179,40.50973710
CONTURSI TERME,15.24108792,40.64914887
CORBARA,14.59252635,40.72278294
CORLETO MONFORTE,15.38083190,40.43759293
CUCCARO VETERE,15.30677565,40.16404177
EBOLI,15.05445396,40.61818665
FELITTO,15.24796465,40.37069734
FISCIANO,14.79914629,40.77147015
FURORE,14.55018156,40.62023080
FUTANI,15.32365677,40.15155870
GIFFONI SEI CASALI,14.90366253,40.71885055
GIFFONI VALLE PIANA,14.94330697,40.71749901
GIOI,15.21750556,40.28988655
GIUNGANO,15.10791670,40.39449625
ISPANI,15.56174844,40.08578455
LAUREANA CILENTO,15.03891410,40.30089628
LAURINO,15.33665078,40.33673573
LAURITO,15.40827430,40.16852532
LAVIANO,15.30507214,40.78461052
LUSTRA,15.06831965,40.28840206
MAGLIANO VETERE,15.23635242,40.34702141
MAIORI,14.64223366,40.65086502
MERCATO SAN SEVERINO,14.75357737,40.78629460
MINORI,14.62615215,40.64966885
MOIO DELLA CIVITELLA,15.27040016,40.24504519
MONTANO ANTILIA,15.36150956,40.16238439
MONTECORICE,14.98504292,40.23444410
MONTECORVINO PUGLIANO,14.93025526,40.67615197
MONTECORVINO ROVELLA,14.97694216,40.69579529
MONTEFORTE CILENTO,15.19461320,40.36468598
MONTE SAN GIACOMO,15.54367406,40.34139154
MONTESANO SULLA MARCELLANA,15.70118507,40.27557832
MORIGERATI,15.55508055,40.14055717
NOCERA INFERIORE,14.64142303,40.74358321
NOCERA SUPERIORE,14.67117888,40.74156986
NOVI VELIA,15.28710598,40.22457101
OGLIASTRO CILENTO,15.04637990,40.35112816
OLEVANO SUL TUSCIANO,15.02199175,40.65735787
OLIVETO CITRA,15.23612189,40.69162499
OMIGNANO,15.08406539,40.24932151
ORRIA,15.17140938,40.29943580
OTTATI,15.31533553,40.46332147
PADULA,15.65952030,40.34105151
PAGANI,14.61944041,40.74107352
PALOMONTE,15.29173957,40.66015522
PELLEZZANO,14.75782962,40.72587297
PERDIFUMO,15.01651950,40.26694175
PERITO,15.14745558,40.29853863
PERTOSA,15.44852735,40.54320589
PETINA,15.37018384,40.53140417
PIAGGINE,15.37724436,40.34317707
PISCIOTTA,15.23370925,40.10773484
POLLA,15.49325713,40.51419911
POLLICA,15.05734127,40.19070542
PONTECAGNANO FAIANO,14.87340385,40.64296854
POSITANO,14.48361740,40.62888712
POSTIGLIONE,15.23304230,40.55724143
PRAIANO,14.53257625,40.61144748
PRIGNANO CILENTO,15.06923061,40.32986596
RAVELLO,14.61364727,40.65284481
RICIGLIANO,15.48360570,40.66808660
ROCCADASPIDE,15.19428476,40.42604608
ROCCAGLORIOSA,15.43757851,40.10605474
ROCCAPIEMONTE,14.69268111,40.76236839
ROFRANO,15.42723315,40.21046845
ROMAGNANO AL MONTE,15.43453415,40.62794820
ROSCIGNO,15.34453927,40.40037084
RUTINO,15.07009494,40.29988229
SACCO,15.37291180,40.38178119
SALA CONSILINA,15.59084298,40.40266120
SALENTO,15.18841701,40.24899255
SALERNO,14.75940296,40.67821959
SALVITELLE,15.45931382,40.59106183
SAN CIPRIANO PICENTINO,14.87235531,40.72040176
SAN GIOVANNI A PIRO,15.44984225,40.05043571
SAN GREGORIO MAGNO,15.39940921,40.65616247
SAN MANGO PIEMONTE,14.83918854,40.70024082
SAN MARZANO SUL SARNO,14.58798217,40.77460793
SAN MAURO CILENTO,15.04476431,40.22628217
SAN MAURO LA BRUCA,15.28600011,40.12159144
SAN PIETRO AL TANAGRO,15.48754102,40.45403757
SAN RUFO,15.46165700,40.43434882
SANTA MARINA,15.54152852,40.10520303
SANT'ANGELO A FASANELLA,15.34366051,40.45704286
SANT'ARSENIO,15.48640550,40.47110216
SANT'EGIDIO DEL MONTE ALBINO,14.59895358,40.73592269
SANTOMENNA,15.32026395,40.80708262
SAN VALENTINO TORIO,14.60094288,40.79182154
SANZA,15.55330616,40.24463844
SAPRI,15.63073166,40.07392713
SARNO,14.61889943,40.81533390
SASSANO,15.56594212,40.34208235
SCAFATI,14.52623502,40.74806338
SCALA,14.60706553,40.65594208
SERRAMEZZANA,15.03228574,40.24454152
SERRE,15.18780345,40.58118831
SESSA CILENTO,15.07527263,40.25928966
SIANO,14.69362433,40.80098620
SICIGNANO DEGLI ALBURNI,15.30595541,40.55933929
STELLA CILENTO,15.09330128,40.23160695
STIO,15.25520959,40.31081420
TEGGIANO,15.54040859,40.37965330
TORCHIARA,15.05369631,40.32161530
TORRACA,15.63631714,40.11098775
TORRE ORSAIA,15.47143926,40.13094394
TORTORELLA,15.60625318,40.14235689
TRAMONTI,14.64019238,40.69483916
TRENTINARA,15.10735868,40.40068270
VALLE DELL'ANGELO,15.36868776,40.34377463
VALLO DELLA LUCANIA,15.26707186,40.22877547
VALVA,15.26988886,40.73970939
VIBONATI,15.57993678,40.10320009
VIETRI SUL MARE,14.72815680,40.67202929
BELLIZZI,14.94602767,40.62218574
ACCIANO,13.71834861,42.17671720
AIELLI,13.59028340,42.08021928
ALFEDENA,14.03435518,41.73396985
ANVERSA DEGLI ABRUZZI,13.80358170,41.99463497
ATELETA,14.19778348,41.85503505
AVEZZANO,13.42675070,42.03068032
BALSORANO,13.56334801,41.80361236
BARETE,13.28126973,42.45096144
BARISCIANO,13.59077801,42.32702005
BARREA,13.99152867,41.75758413
BISEGNA,13.75748539,41.92098736
BUGNARA,13.85871232,42.02215910
CAGNANO AMITERNO,13.22460313,42.45911331
CALASCIO,13.69480342,42.32552057
CAMPO DI GIOVE,14.04454313,42.01192578
CAMPOTOSTO,13.36989188,42.55735732
CANISTRO,13.41146423,41.94121103
CANSANO,14.01095792,42.00461222
CAPESTRANO,13.76827562,42.26742330
CAPISTRELLO,13.38966810,41.96555325
CAPITIGNANO,13.30080121,42.52023244
CAPORCIANO,13.67134169,42.25185802
CAPPADOCIA,13.27922691,42.00705716
CARAPELLE CALVISIO,13.68320669,42.29914841
CARSOLI,13.08268758,42.09641669
CASTEL DEL MONTE,13.72647549,42.36484640
CASTEL DI IERI,13.74075737,42.11406339
CASTEL DI SANGRO,14.10848588,41.78521078
CASTELLAFIUME,13.33468595,41.98796340
CASTELVECCHIO CALVISIO,13.68873416,42.31015377
CASTELVECCHIO SUBEQUO,13.72883016,42.13147300
CELANO,13.54822195,42.08483293
CERCHIO,13.60051272,42.06411666
CIVITA D'ANTINO,13.47212788,41.88637370
CIVITELLA ALFEDENA,13.94054793,41.76532100
CIVITELLA ROVETO,13.42687644,41.91621541
COCULLO,13.77471751,42.03315435
COLLARMELE,13.62642991,42.06132915
COLLELONGO,13.58350663,41.88639196
COLLEPIETRO,13.78056281,42.22095541
CORFINIO,13.84386453,42.12415709
FAGNANO ALTO,13.57498963,42.25372071
FONTECCHIO,13.60659031,42.23163903
FOSSA,13.48781584,42.29330000
GAGLIANO ATERNO,13.70086464,42.12626341
GIOIA DEI MARSI,13.69322355,41.95423177
GORIANO SICOLI,13.77339081,42.07982763
INTRODACQUA,13.89919227,42.00769338
L'AQUILA,13.39843828,42.35122195
LECCE NEI MARSI,13.68719733,41.93294714
LUCO DEI MARSI,13.46898624,41.96188883
LUCOLI,13.33771750,42.29102275
MAGLIANO DE' MARSI,13.36478878,42.09228508
MASSA D'ALBE,13.39220278,42.10899275
MOLINA ATERNO,13.73574921,42.14804614
MONTEREALE,13.24508670,42.52407436
MORINO,13.45754199,41.86476305
NAVELLI,13.73031427,42.23627016
OCRE,13.47303035,42.28381801
OFENA,13.75886039,42.32815414
OPI,13.82999707,41.77947207
ORICOLA,13.03890200,42.04987795
ORTONA DEI MARSI,13.72916655,41.99781346
ORTUCCHIO,13.64540931,41.95488410
OVINDOLI,13.51768083,42.13311965
PACENTRO,13.99339126,42.05107519
PERETO,13.10151382,42.05807359
PESCASSEROLI,13.78921936,41.80863309
PESCINA,13.66006389,42.02607152
PESCOCOSTANZO,14.06577793,41.89027447
PETTORANO SUL GIZIO,13.96035129,41.97280833
PIZZOLI,13.29540074,42.43621147
POGGIO PICENZE,13.54219621,42.32067735
PRATA D'ANSIDONIA,13.60628119,42.27824054
PRATOLA PELIGNA,13.87243478,42.09736189
PREZZA,13.83319794,42.05774787
RAIANO,13.80833401,42.10280428
RIVISONDOLI,14.06636277,41.87039501
ROCCACASALE,13.88998309,42.12230998
ROCCA DI BOTTE,13.06821692,42.02626728
ROCCA DI CAMBIO,13.48939593,42.23678496
ROCCA DI MEZZO,13.51866211,42.20778601
ROCCA PIA,13.97694415,41.93478803
ROCCARASO,14.07855708,41.84626771
SAN BENEDETTO DEI MARSI,13.62330577,42.00645326
SAN BENEDETTO IN PERILLIS,13.76975802,42.18278375
SAN DEMETRIO NE' VESTINI,13.55876665,42.28805466
SAN PIO DELLE CAMERE,13.65480659,42.28623381
SANTE MARIE,13.20298412,42.10286019
SANT'EUSANIO FORCONESE,13.52439142,42.28870031
SANTO STEFANO DI SESSANIO,13.64651672,42.34223754
SAN VINCENZO VALLE ROVETO,13.52378608,41.83373081
SCANNO,13.88116045,41.90233410
SCONTRONE,14.03905072,41.74620234
SCOPPITO,13.25647866,42.37106636
SCURCOLA MARSICANA,13.34240445,42.06445594
SECINARO,13.67902536,42.15252692
SULMONA,13.92405522,42.04780655
TAGLIACOZZO,13.25549160,42.06871211
TIONE DEGLI ABRUZZI,13.63574573,42.20389024
TORNIMPARTE,13.30033128,42.29095419
TRASACCO,13.53880825,41.95809518
VILLALAGO,13.83577383,41.93601049
VILLA SANTA LUCIA DEGLI ABRUZZI,13.77819281,42.33302782
VILLA SANT'ANGELO,13.53754168,42.27002885
VILLAVALLELONGA,13.62453677,41.86734949
VILLETTA BARREA,13.92775237,41.77660064
VITTORITO,13.81616784,42.12544950
ALBA ADRIATICA,13.92095195,42.83459777
ANCARANO,13.74139609,42.83680898
ARSITA,13.78595109,42.50307767
ATRI,13.97541817,42.57971067
BASCIANO,13.73863139,42.59570914
BELLANTE,13.80535903,42.74460127
BISENTI,13.80368606,42.52877601
CAMPLI,13.68635588,42.72636043
CANZANO,13.80311212,42.64718163
CASTEL CASTAGNA,13.71708406,42.54294987
CASTELLALTO,13.81746384,42.67539533
CASTELLI,13.71171618,42.48941029
CASTIGLIONE MESSER RAIMONDO,13.88233591,42.53143207
CASTILENTI,13.91776640,42.53336403
CELLINO ATTANASIO,13.85952212,42.58627230
CERMIGNANO,13.79237577,42.58862483
CIVITELLA DEL TRONTO,13.66549149,42.77170903
COLLEDARA,13.67892239,42.53967093
COLONNELLA,13.86756702,42.87176703
CONTROGUERRA,13.82056897,42.85567003
CORROPOLI,13.83486055,42.82761332
CORTINO,13.50772388,42.62169309
CROGNALETO,13.47905550,42.54772307
FANO ADRIANO,13.53702451,42.55134216
GIULIANOVA,13.95671861,42.75265770
ISOLA DEL GRAN SASSO D'ITALIA,13.66201352,42.50254059
MONTEFINO,13.88442860,42.54481325
MONTORIO AL VOMANO,13.63132023,42.58305103
MORRO D'ORO,13.91962038,42.66403035
MOSCIANO SANT'ANGELO,13.88789032,42.74998140
NERETO,13.81799839,42.82034259
NOTARESCO,13.89404399,42.65902950
PENNA SANT'ANDREA,13.77150625,42.59362810
PIETRACAMELA,13.55375913,42.52322515
PINETO,14.06747199,42.60827893
ROCCA SANTA MARIA,13.52689341,42.68584163
ROSETO DEGLI ABRUZZI,14.01155502,42.68016560
SANT'EGIDIO ALLA VIBRATA,13.71649081,42.82549440
SANT'OMERO,13.80289563,42.78665683
SILVI,14.11395586,42.55680778
TERAMO,13.70439981,42.65891770
TORANO NUOVO,13.77702409,42.82337481
TORRICELLA SICURA,13.65508442,42.65690638
TORTORETO,13.91333283,42.80398284
TOSSICIA,13.64881267,42.54575594
VALLE CASTELLANA,13.49762647,42.73540693
MARTINSICURO,13.91574129,42.88555717
ABBATEGGIO,14.01007278,42.22446748
ALANNO,13.96933279,42.29443285
BOLOGNANO,13.95981998,42.21702314
BRITTOLI,13.86093680,42.31648387
BUSSI SUL TIRINO,13.82665193,42.21040316
CAPPELLE SUL TAVO,14.10331839,42.46518450
CARAMANICO TERME,14.00313927,42.15724285
CARPINETO DELLA NORA,13.85931512,42.33280700
CASTIGLIONE A CASAURIA,13.89398603,42.23627853
CATIGNANO,13.94976689,42.34603499
CEPAGATTI,14.07304231,42.36462231
CITTA SANT'ANGELO,14.05867961,42.51832347
CIVITAQUANA,13.89728216,42.32623508
CIVITELLA CASANOVA,13.88894505,42.36472189
COLLECORVINO,14.01436592,42.45822402
CORVARA,13.88791714,42.27704553
CUGNOLI,13.93306399,42.30819900
ELICE,13.96826815,42.51869149
FARINDOLA,13.82197443,42.44155572
LETTOMANOPPELLO,14.03618703,42.23688323
LORETO APRUTINO,13.98748336,42.43234542
MANOPPELLO,14.06045336,42.26106208
MONTEBELLO DI BERTONA,13.86964621,42.41651749
MONTESILVANO,14.14938288,42.51412705
MOSCUFO,14.05507837,42.42851208
NOCCIANO,13.98409517,42.33400240
PENNE,13.92738518,42.45803940
PESCARA,14.21364841,42.46458397
PESCOSANSONESCO,13.88437192,42.25404110
PIANELLA,14.04604868,42.39631063
PICCIANO,13.99134633,42.47480789
PIETRANICO,13.91085166,42.27624090
POPOLI,13.83311196,42.17116694
ROCCAMORICE,14.02387818,42.21376708
ROSCIANO,14.04719852,42.32247679
SALLE,13.95924336,42.17704160
SANT'EUFEMIA A MAIELLA,14.02770664,42.12538882
SAN VALENTINO IN ABRUZZO CITERIORE,13.98720812,42.23270318
SCAFA,14.00213203,42.26786996
SERRAMONACESCA,14.09369441,42.24771535
SPOLTORE,14.14148276,42.45568799
TOCCO DA CASAURIA,13.91384650,42.21792904
TORRE DE' PASSERI,13.92788172,42.24496105
TURRIVALIGNANI,14.02867836,42.26295569
VICOLI,13.89515003,42.33984925
VILLA CELIERA,13.85920343,42.38068849
ALTINO,14.33260982,42.10242070
ARCHI,14.38157415,42.08914074
ARI,14.26013660,42.29111265
ARIELLI,14.30477819,42.26499697
ATESSA,14.44308594,42.06734847
BOMBA,14.36623306,42.03518180
BORRELLO,14.30325539,41.92040984
BUCCHIANICO,14.18070314,42.30434387
MONTEBELLO SUL SANGRO,14.32504319,41.98663266
CANOSA SANNITA,14.30186987,42.29528868
CARPINETO SINELLO,14.50777459,42.01363552
CARUNCHIO,14.52671055,41.91698351
CASACANDITELLA,14.19883416,42.24832401
CASALANGUIDA,14.49639625,42.03726885
CASALBORDINO,14.58488508,42.15072260
CASALINCONTRADA,14.13186259,42.28624654
CASOLI,14.29043913,42.11504250
CASTEL FRENTANO,14.35661796,42.19622327
CASTELGUIDONE,14.52299348,41.82349049
CASTIGLIONE MESSER MARINO,14.45170154,41.86693563
CELENZA SUL TRIGNO,14.58113433,41.87177294
CHIETI,14.16754591,42.35103166
CIVITALUPARELLA,14.30305092,41.94483940
CIVITELLA MESSER RAIMONDO,14.21555530,42.08787270
COLLEDIMACINE,14.20159134,42.00460744
COLLEDIMEZZO,14.38107294,41.98569614
CRECCHIO,14.32675702,42.29857221
CUPELLO,14.67089987,42.07224492
DOGLIOLA,14.63647046,41.94191728
FARA FILIORUM PETRI,14.18612026,42.24897245
FARA SAN MARTINO,14.20544873,42.09024764
FILETTO,14.24428861,42.22593239
FOSSACESIA,14.48006072,42.24537842
FRAINE,14.48694155,41.90475596
FRANCAVILLA AL MARE,14.29181707,42.41766650
FRESAGRANDINARIA,14.66316103,41.97557881
FRISA,14.37062060,42.26096809
FURCI,14.58654750,42.00849187
GAMBERALE,14.20753823,41.90546930
GESSOPALENA,14.27375218,42.05634892
GISSI,14.54652963,42.02081826
GIULIANO TEATINO,14.27543460,42.29314227
GUARDIAGRELE,14.22020680,42.19114112
GUILMI,14.47597444,41.99703463
LAMA DEI PELIGNI,14.18876325,42.04248420
LANCIANO,14.39040740,42.23133390
LENTELLA,14.67654213,41.99720552
LETTOPALENA,14.15809945,42.00306774
LISCIA,14.55501307,41.95546155
MIGLIANICO,14.29153807,42.35950925
MONTAZZOLI,14.42936125,41.94818588
MONTEFERRANTE,14.38819112,41.95456895
MONTELAPIANO,14.34234639,41.96128136
MONTENERODOMO,14.25180284,41.97660203
MONTEODORISIO,14.65273428,42.08807769
MOZZAGROGNA,14.44467908,42.21283045
ORSOGNA,14.28209955,42.21867175
ORTONA,14.40347679,42.35563767
PAGLIETA,14.49851779,42.16270714
PALENA,14.13777392,41.98344831
PALMOLI,14.58073020,41.93876829
PALOMBARO,14.22995712,42.12413743
PENNADOMO,14.32326089,42.00447119
PENNAPIEDIMONTE,14.19491874,42.15198245
PERANO,14.39650019,42.10783909
PIZZOFERRATO,14.23726867,41.92227603
POGGIOFIORITO,14.32128180,42.25410606
POLLUTRI,14.59412768,42.13730190
PRETORO,14.14250416,42.21678292
QUADRI,14.28837751,41.92581670
RAPINO,14.18758994,42.21170465
RIPA TEATINA,14.23365475,42.35748080
ROCCAMONTEPIANO,14.12187201,42.24763993
ROCCA SAN GIOVANNI,14.46495160,42.25110384
ROCCASCALEGNA,14.30670227,42.06215040
ROCCASPINALVETI,14.47120846,41.93807804
ROIO DEL SANGRO,14.37280599,41.91163774
ROSELLO,14.34900426,41.90157264
SAN BUONO,14.56934722,41.98061831
SAN GIOVANNI LIPIONI,14.56198491,41.84278544
SAN GIOVANNI TEATINO,14.18675059,42.42197679
SAN MARTINO SULLA MARRUCINA,14.21412499,42.22504222
SAN SALVO,14.73140605,42.04555595
SANTA MARIA IMBARO,14.44706971,42.21994280
SANT'EUSANIO DEL SANGRO,14.33198374,42.16821529
SAN VITO CHIETINO,14.44571588,42.30260547
SCERNI,14.56908080,42.11176682
SCHIAVI DI ABRUZZO,14.48539577,41.81570705
TARANTA PELIGNA,14.16912406,42.01988257
TOLLO,14.31773812,42.33949616
TORINO DI SANGRO,14.54089262,42.18811907
TORNARECCIO,14.41281186,42.03637888
TORREBRUNA,14.54114564,41.86800245
TORREVECCHIA TEATINA,14.20607116,42.37953400
TORRICELLA PELIGNA,14.26111517,42.02182687
TREGLIO,14.42487271,42.26734432
TUFILLO,14.62635620,41.91632933
VACRI,14.23278786,42.29777577
VASTO,14.70791975,42.11221070
VILLALFONSINA,14.57408929,42.16480253
VILLAMAGNA,14.23673219,42.33323150
VILLA SANTA MARIA,14.35065336,41.95120810
PIETRAFERRAZZANA,14.37371043,41.96963057
FALLO,14.32238942,41.93896858
ACQUAVIVA COLLECROCE,14.74673587,41.86790077
BARANELLO,14.56051884,41.52681952
BOJANO,14.47143659,41.48282294
BONEFRO,14.93419633,41.70269449
BUSSO,14.56210330,41.55478706
CAMPOBASSO,14.65916084,41.55774753
CAMPOCHIARO,14.50564133,41.44869752
CAMPODIPIETRA,14.74692986,41.55759354
CAMPOLIETO,14.76695123,41.63517218
CAMPOMARINO,15.03585859,41.95270988
CASACALENDA,14.84713322,41.73955595
CASALCIPRANO,14.52872488,41.58167453
CASTELBOTTACCIO,14.70710867,41.75296874
CASTELLINO DEL BIFERNO,14.73138196,41.70220417
CASTELMAURO,14.71042486,41.82940389
CASTROPIGNANO,14.56170054,41.61981865
CERCEMAGGIORE,14.72209513,41.46030700
CERCEPICCOLA,14.66804192,41.45931970
CIVITACAMPOMARANO,14.69042466,41.78067471
COLLE D'ANCHISE,14.51834488,41.50912393
COLLETORTO,14.97294248,41.66318277
DURONIA,14.45882262,41.65829817
FERRAZZANO,14.67094603,41.53066428
FOSSALTO,14.54519468,41.67318906
GAMBATESA,14.91403196,41.50926746
GILDONE,14.74023451,41.50953342
GUARDIALFIERA,14.79330214,41.80250678
GUARDIAREGIA,14.54137717,41.43520831
GUGLIONESI,14.91393616,41.91069571
JELSI,14.79609556,41.51841393
LARINO,14.91073537,41.80019959
LIMOSANO,14.62117165,41.67663217
LUCITO,14.68822014,41.73180254
LUPARA,14.73323184,41.76214071
MACCHIA VALFORTORE,14.91121553,41.59333465
MAFALDA,14.71253364,41.94150604
MATRICE,14.71100166,41.61240375
MIRABELLO SANNITICO,14.67207595,41.51528658
MOLISE,14.49381670,41.63057681
MONACILIONI,14.81045323,41.61043407
MONTAGANO,14.67376583,41.64635308
MONTECILFONE,14.83760622,41.90189920
MONTEFALCONE NEL SANNIO,14.63891419,41.86487478
MONTELONGO,14.94867286,41.73583626
MONTEMITRO,14.64675722,41.88802627
MONTENERO DI BISACCIA,14.78121409,41.95724749
MONTORIO NEI FRENTANI,14.93224945,41.75894407
MORRONE DEL SANNIO,14.77825644,41.71215826
ORATINO,14.58452376,41.58604251
PALATA,14.78673649,41.88847581
PETACCIATO,14.86010345,42.01345249
PETRELLA TIFERNINA,14.69492980,41.69133245
PIETRACATELLA,14.87345353,41.58156822
PIETRACUPA,14.52115404,41.68229064
PORTOCANNONE,15.01219636,41.91425709
PROVVIDENTI,14.82236009,41.71856241
RICCIA,14.83638205,41.48654569
RIPABOTTONI,14.80653221,41.68854667
RIPALIMOSANI,14.66280057,41.61126223
ROCCAVIVARA,14.59927052,41.83483309
ROTELLO,15.00524088,41.74890977
SALCITO,14.51082012,41.74735883
SAN BIASE,14.58943786,41.71493388
SAN FELICE DEL MOLISE,14.70066320,41.89079789
SAN GIACOMO DEGLI SCHIAVONI,14.94762377,41.96492899
SAN GIOVANNI IN GALDO,14.74753546,41.58839525
SAN GIULIANO DEL SANNIO,14.63963922,41.45612637
SAN GIULIANO DI PUGLIA,14.96368605,41.68525805
SAN MARTINO IN PENSILIS,15.01057760,41.87003497
SAN MASSIMO,14.40981406,41.49266548
SAN POLO MATESE,14.49375592,41.45936407
SANTA CROCE DI MAGLIANO,14.99112744,41.71252381
SANT'ANGELO LIMOSANO,14.60373639,41.69278955
SANT'ELIA A PIANISI,14.87532734,41.62179751
SEPINO,14.61903343,41.40711636
SPINETE,14.48755127,41.54337771
TAVENNA,14.76327385,41.90863693
TERMOLI,14.99554396,42.00270989
TORELLA DEL SANNIO,14.52155973,41.64043570
TORO,14.76595207,41.57393556
TRIVENTO,14.55096703,41.78409543
TUFARA,14.94578377,41.48184744
URURI,15.01182942,41.81517818
VINCHIATURO,14.58656510,41.49329871
ACCADIA,15.33092322,41.15811611
ALBERONA,15.12427820,41.43047911
ANZANO DI PUGLIA,15.29034082,41.11956740
APRICENA,15.44323605,41.78540257
ASCOLI SATRIANO,15.56026594,41.20814602
BICCARI,15.19449634,41.39743603
BOVINO,15.34167092,41.24923673
CAGNANO VARANO,15.77260093,41.82868404
CANDELA,15.51395846,41.13773409
CARAPELLE,15.69370809,41.36283549
CARLANTINO,14.97663434,41.59228664
CARPINO,15.85563222,41.84463118
CASALNUOVO MONTEROTARO,15.10240065,41.61838389
CASALVECCHIO DI PUGLIA,15.11094792,41.59578579
CASTELLUCCIO DEI SAURI,15.47395057,41.30409745
CASTELLUCCIO VALMAGGIORE,15.20332643,41.34310971
CASTELNUOVO DELLA DAUNIA,15.11835063,41.58268079
CELENZA VALFORTORE,14.97751316,41.56212700
CELLE DI SAN VITO,15.18121617,41.32506709
CERIGNOLA,15.90368339,41.26522173
CHIEUTI,15.16543404,41.84448459
DELICETO,15.38733133,41.22267573
FAETO,15.16122350,41.32324211
FOGGIA,15.54305185,41.46226862
ISCHITELLA,15.89973987,41.90430864
ISOLE TREMITI,15.50437208,42.12042295
LESINA,15.35505648,41.86338784
LUCERA,15.33296110,41.50614765
MANFREDONIA,15.91921162,41.62846824
MATTINATA,16.05144319,41.71053395
MONTELEONE DI PUGLIA,15.26001604,41.16478567
MONTE SANT'ANGELO,15.95813160,41.70617736
MOTTA MONTECORVINO,15.11338242,41.50734139
ORSARA DI PUGLIA,15.26580826,41.28114863
ORTA NOVA,15.70726369,41.32605603
PANNI,15.27707676,41.22025700
PESCHICI,16.01572138,41.94660438
PIETRAMONTECORVINO,15.12977998,41.54313339
POGGIO IMPERIALE,15.36585931,41.82189799
RIGNANO GARGANICO,15.58784608,41.67717458
ROCCHETTA SANT'ANTONIO,15.45988092,41.10279082
RODI GARGANICO,15.88122636,41.92813684
ROSETO VALFORTORE,15.09485308,41.37072716
SAN GIOVANNI ROTONDO,15.72663755,41.70781228
SAN MARCO IN LAMIS,15.63842925,41.71296267
SAN MARCO LA CATOLA,15.00631645,41.52569980
SAN NICANDRO GARGANICO,15.56127649,41.83890584
SAN PAOLO DI CIVITATE,15.25890288,41.74075399
SAN SEVERO,15.38073828,41.68587342
SANT'AGATA DI PUGLIA,15.37938715,41.15031932
SERRACAPRIOLA,15.16194691,41.81008146
STORNARA,15.76780547,41.28816457
STORNARELLA,15.73022051,41.25638123
TORREMAGGIORE,15.28697090,41.69048638
TROIA,15.30810993,41.36167365
VICO DEL GARGANO,15.95551854,41.89687107
VIESTE,16.18063171,41.88161463
VOLTURARA APPULA,15.05175994,41.49500946
VOLTURINO,15.12438071,41.47818089
ORDONA,15.62856362,41.31537102
ZAPPONETA,15.95522951,41.45581634
ACQUAVIVA DELLE FONTI,16.84189135,40.89657272
ADELFIA,16.87199903,41.00183306
ALBEROBELLO,17.23753495,40.78373019
ALTAMURA,16.55231244,40.82794435
BARI,16.86737016,41.12559562
BINETTO,16.70845940,41.02419809
BITETTO,16.74784981,41.03868353
BITONTO,16.69431895,41.11001820
BITRITTO,16.82580397,41.04106828
CAPURSO,16.92020895,41.04788754
CASAMASSIMA,16.91806851,40.95537920
CASSANO DELLE MURGE,16.77174521,40.88972597
CASTELLANA GROTTE,17.16978544,40.88249993
CELLAMARE,16.92906646,41.01842322
CONVERSANO,17.11524325,40.96608891
CORATO,16.41326508,41.15379819
GIOIA DEL COLLE,16.92406768,40.80069471
GIOVINAZZO,16.67261845,41.18810652
GRAVINA IN PUGLIA,16.41620671,40.81940669
GRUMO APPULA,16.71064948,41.01221421
LOCOROTONDO,17.32662454,40.75237666
MODUGNO,16.78027023,41.08270034
MOLA DI BARI,17.08171739,41.06092712
MOLFETTA,16.60063235,41.20503057
MONOPOLI,17.30210276,40.95258074
NOCI,17.12247971,40.79482177
NOICATTARO,16.98483633,41.03390073
PALO DEL COLLE,16.70401477,41.05664789
POGGIORSINI,16.25244813,40.91493990
POLIGNANO A MARE,17.21913392,40.99215729
PUTIGNANO,17.11910070,40.84963964
RUTIGLIANO,17.00799230,41.01071718
RUVO DI PUGLIA,16.48485116,41.11699654
SAMMICHELE DI BARI,16.95448003,40.88789514
SANNICANDRO DI BARI,16.79941328,41.00069222
SANTERAMO IN COLLE,16.75254040,40.79461702
TERLIZZI,16.54212656,41.13091344
TORITTO,16.67887346,40.99581817
TRIGGIANO,16.92503073,41.06530997
TURI,17.01911065,40.91562236
VALENZANO,16.88758285,41.04215431
AVETRANA,17.72553974,40.34863260
CAROSINO,17.39806119,40.46599866
CASTELLANETA,16.93207342,40.63026114
CRISPIANO,17.23103294,40.60522527
FAGGIANO,17.38859729,40.42157835
FRAGAGNANO,17.47454788,40.43190187
GINOSA,16.75757236,40.57760797
GROTTAGLIE,17.42624084,40.53345498
LATERZA,16.79904247,40.62247626
LEPORANO,17.33263766,40.38387163
LIZZANO,17.44883640,40.39057131
MANDURIA,17.63431392,40.39896695
MARTINA FRANCA,17.33897058,40.70492676
MARUGGIO,17.57036287,40.31996532
MASSAFRA,17.11245596,40.58819549
MONTEIASI,17.37904070,40.50212393
MONTEMESOLA,17.33540332,40.56230201
MONTEPARANO,17.41370242,40.44410057
MOTTOLA,17.03828609,40.63320579
PALAGIANELLO,16.97802218,40.61116442
PALAGIANO,17.03719997,40.57850783
PULSANO,17.35250362,40.38296602
ROCCAFORZATA,17.38887156,40.43768778
SAN GIORGIO IONICO,17.38354320,40.45939299
SAN MARZANO DI SAN GIUSEPPE,17.50559472,40.45094920
SAVA,17.55623170,40.40332168
TARANTO,17.23237621,40.47354719
TORRICELLA,17.50175280,40.35499641
STATTE,17.20061721,40.56357214
BRINDISI,17.94602372,40.63848508
CAROVIGNO,17.65938885,40.70709775
CEGLIE MESSAPICA,17.51709246,40.64697359
CELLINO SAN MARCO,17.96963924,40.47428390
CISTERNINO,17.42571204,40.73932206
ERCHIE,17.73260551,40.43843463
FASANO,17.35899339,40.83440238
FRANCAVILLA FONTANA,17.58338396,40.53287722
LATIANO,17.71636285,40.55457921
MESAGNE,17.80858234,40.55459290
ORIA,17.64606913,40.50270713
OSTUNI,17.57782936,40.73219860
SAN DONACI,17.92215403,40.44678280
SAN MICHELE SALENTINO,17.63151178,40.62900695
SAN PANCRAZIO SALENTINO,17.83834669,40.41722359
SAN PIETRO VERNOTICO,17.99716791,40.48837377
SAN VITO DEI NORMANNI,17.70328188,40.65645909
TORCHIAROLO,18.05525443,40.48027665
TORRE SANTA SUSANNA,17.74281229,40.46385303
VILLA CASTELLI,17.47588931,40.57717011
ACQUARICA DEL CAPO,18.24994845,39.90548118
ALESSANO,18.33717833,39.88496383
ALEZIO,18.06222590,40.06010922
ALLISTE,18.08950629,39.94751318
ANDRANO,18.38680849,39.98358689
ARADEO,18.13479344,40.12769568
ARNESANO,18.08966410,40.33535750
BAGNOLO DEL SALENTO,18.35271075,40.14816512
BOTRUGNO,18.32463753,40.06444093
CALIMERA,18.28005637,40.25121302
CAMPI SALENTINA,18.02029811,40.39918282
CANNOLE,18.36351441,40.16786412
CAPRARICA DI LECCE,18.24503297,40.26288717
CARMIANO,18.04546614,40.34555275
CARPIGNANO SALENTINO,18.34056743,40.19794197
CASARANO,18.16107134,40.00917327
CASTRI DI LECCE,18.26679641,40.27266762
CASTRIGNANO DE' GRECI,18.29524914,40.17484585
CASTRIGNANO DEL CAPO,18.35351827,39.82937641
CAVALLINO,18.19450195,40.31566554
COLLEPASSO,18.16293668,40.07320903
COPERTINO,18.04781615,40.27185847
CORIGLIANO D'OTRANTO,18.26174637,40.15990760
CORSANO,18.36969874,39.88968158
CURSI,18.31409756,40.15011438
CUTROFIANO,18.19990507,40.12722019
DISO,18.38716924,40.00821624
GAGLIANO DEL CAPO,18.36948476,39.84652739
GALATINA,18.17227503,40.17395610
GALATONE,18.07167875,40.14844824
GALLIPOLI,17.97422723,40.05318073
GIUGGIANELLO,18.36869462,40.09394550
GIURDIGNANO,18.43113227,40.12373984
GUAGNANO,17.94936025,40.40342818
LECCE,18.17190671,40.35354239
LEQUILE,18.14099269,40.30715326
LEVERANO,17.99623839,40.28662216
LIZZANELLO,18.22213852,40.30354492
MAGLIE,18.29885845,40.12101850
MARTANO,18.30120990,40.20383567
MARTIGNANO,18.25893498,40.23747962
MATINO,18.13410681,40.03263780
MELENDUGNO,18.33705321,40.26684234
MELISSANO,18.12361956,39.97354513
MELPIGNANO,18.28944514,40.15476064
MIGGIANO,18.30685161,39.96506708
MINERVINO DI LECCE,18.42237093,40.09260096
MONTERONI DI LECCE,18.09755191,40.32881508
MONTESANO SALENTINO,18.32185742,39.97592261
MORCIANO DI LEUCA,18.31139501,39.84696956
MURO LECCESE,18.33934823,40.09998966
NARDO,18.03119690,40.17594334
NEVIANO,18.11904940,40.10542544
NOCIGLIA,18.33033533,40.03625463
NOVOLI,18.04877654,40.37587469
ORTELLE,18.39302399,40.03423711
OTRANTO,18.49113602,40.14635263
PALMARIGGI,18.38130645,40.13162763
PARABITA,18.12660455,40.04540729
PATU,18.33873558,39.83964829
POGGIARDO,18.37686486,40.05343131
PRESICCE,18.26346868,39.90097666
RACALE,18.09060083,39.95745733
RUFFANO,18.24679773,39.98356548
SALICE SALENTINO,17.96517392,40.38482740
SALVE,18.29407773,39.86183396
SANARICA,18.34937653,40.08763417
SAN CESARIO DI LECCE,18.16030678,40.30186738
SAN DONATO DI LECCE,18.18352346,40.26813039
SANNICOLA,18.06406498,40.09386550
SAN PIETRO IN LAMA,18.13186913,40.30916402
SANTA CESAREA TERME,18.46336483,40.03785658
SCORRANO,18.29836405,40.09007771
SECLI,18.10495710,40.13156773
SOGLIANO CAVOUR,18.19941365,40.14623440
SOLETO,18.20719445,40.18758093
SPECCHIA,18.29608370,39.93884020
SPONGANO,18.36378986,40.01313351
SQUINZANO,18.04581742,40.43444312
STERNATIA,18.22384546,40.22165452
SUPERSANO,18.23893040,40.02005803
SURANO,18.34162096,40.02834008
SURBO,18.13158796,40.39755350
TAURISANO,18.21437844,39.95561521
TAVIANO,18.08849335,39.98298824
TIGGIANO,18.36723225,39.90279044
TREPUZZI,18.07369438,40.40515874
TRICASE,18.35076185,39.93495217
TUGLIE,18.10298903,40.07018340
UGENTO,18.16167767,39.92856835
UGGIANO LA CHIESA,18.45398921,40.09952043
VEGLIE,17.96574070,40.33505640
VERNOLE,18.29874011,40.28846006
ZOLLINO,18.25138495,40.20522776
SAN CASSIANO,18.32997694,40.05392496
CASTRO,18.42476926,40.00789743
PORTO CESAREO,17.89965588,40.26034869
ABRIOLA,15.81220103,40.50793246
ACERENZA,15.94167632,40.79553337
ALBANO DI LUCANIA,16.03615712,40.58299757
ANZI,15.92392583,40.51449458
ARMENTO,16.06647994,40.30519121
ATELLA,15.65274277,40.87742205
AVIGLIANO,15.71780199,40.72977773
BALVANO,15.51205990,40.65124604
BANZI,16.01328897,40.86033582
BARAGIANO,15.59420625,40.67956537
BARILE,15.67273006,40.94608063
BELLA,15.53778824,40.75859333
BRIENZA,15.62812791,40.47737411
BRINDISI MONTAGNA,15.94006746,40.60989564
CALVELLO,15.84722246,40.47524794
CALVERA,16.14361898,40.14870645
CAMPOMAGGIORE,16.07368168,40.56711111
CANCELLARA,15.92512422,40.73079144
CARBONE,16.08959862,40.14162812
SAN PAOLO ALBANESE,16.33497822,40.03567219
CASTELGRANDE,15.43306356,40.78522391
CASTELLUCCIO INFERIORE,15.97289786,40.00510219
CASTELLUCCIO SUPERIORE,15.97672071,40.00960137
CASTELMEZZANO,16.04813505,40.53066884
CASTELSARACENO,15.99271067,40.16502524
CASTRONUOVO DI SANT'ANDREA,16.18608885,40.18853667
CERSOSIMO,16.34928247,40.04571251
CHIAROMONTE,16.21499371,40.12432913
CORLETO PERTICARA,16.04249691,40.38381925
EPISCOPIA,16.09814314,40.07445859
FARDELLA,16.16670786,40.11410687
FILIANO,15.70685304,40.80923118
FORENZA,15.85713912,40.85937373
FRANCAVILLA IN SINNI,16.20324151,40.08167877
GALLICCHIO,16.13855190,40.28892070
GENZANO DI LUCANIA,16.03153721,40.85035736
GRUMENTO NOVA,15.88805745,40.28241322
GUARDIA PERTICARA,16.09803315,40.36357858
LAGONEGRO,15.76315029,40.12254692
LATRONICO,16.00906565,40.08856189
LAURENZANA,15.97216645,40.45946607
LAURIA,15.83691374,40.04728639
LAVELLO,15.80105357,41.04995683
MARATEA,15.72462363,39.99577652
MARSICO NUOVO,15.73422735,40.41920065
MARSICOVETERE,15.82637958,40.37461443
MASCHITO,15.83142626,40.90673081
MELFI,15.65291477,40.99443652
MISSANELLO,16.16521106,40.28219989
MOLITERNO,15.86875843,40.24206817
MONTEMILONE,15.96716118,41.02707434
MONTEMURRO,15.99390939,40.29920411
MURO LUCANO,15.48370392,40.75282099
NEMOLI,15.79926643,40.06594249
NOEPOLI,16.32807311,40.08716905
OPPIDO LUCANO,15.99007000,40.76600381
PALAZZO SAN GERVASIO,15.98079291,40.93060791
PESCOPAGANO,15.39691847,40.83588628
PICERNO,15.63601218,40.63709859
PIETRAGALLA,15.88239065,40.74810952
PIETRAPERTOSA,16.06348863,40.51565096
PIGNOLA,15.78495758,40.57402537
POTENZA,15.80514950,40.63947047
RAPOLLA,15.67282295,40.97717960
RAPONE,15.49812111,40.84646843
RIONERO IN VULTURE,15.67379736,40.92699724
RIPACANDIDA,15.72739325,40.91285178
RIVELLO,15.75776262,40.07722285
ROCCANOVA,16.20509967,40.21423492
ROTONDA,16.03619099,39.95197376
RUOTI,15.67621806,40.71745491
RUVO DEL MONTE,15.54130242,40.84734475
SAN CHIRICO NUOVO,16.07946219,40.67691792
SAN CHIRICO RAPARO,16.07642120,40.19058465
SAN COSTANTINO ALBANESE,16.30450619,40.03530035
SAN FELE,15.53923256,40.81920690
SAN MARTINO D'AGRI,16.05065950,40.23694838
SAN SEVERINO LUCANO,16.14190034,40.01829313
SANT'ANGELO LE FRATTE,15.55913692,40.54625100
SANT'ARCANGELO,16.27604824,40.24728624
SARCONI,15.88823460,40.24783612
SASSO DI CASTALDA,15.67790803,40.48649161
SATRIANO DI LUCANIA,15.63631022,40.54506103
SAVOIA DI LUCANIA,15.55225490,40.56996614
SENISE,16.28972558,40.14353619
SPINOSO,15.96615330,40.26538033
TEANA,16.15017370,40.12493251
TERRANOVA DI POLLINO,16.29827400,39.97681195
TITO,15.67775851,40.58288680
TOLVE,16.01172916,40.69092102
TRAMUTOLA,15.78758509,40.32123382
TRECCHINA,15.77972341,40.02660321
TRIVIGNO,15.98928892,40.58094351
VAGLIO BASILICATA,15.91999931,40.66580154
VENOSA,15.82328489,40.96454919
VIETRI DI POTENZA,15.50701739,40.59962203
VIGGIANELLO,16.08803972,39.97298788
VIGGIANO,15.90337366,40.34025865
GINESTRA,15.73408091,40.93048625
PATERNO,15.73214890,40.37741426
ACCETTURA,16.15735845,40.49150467
ALIANO,16.23105383,40.31395877
BERNALDA,16.68637158,40.40817994
CALCIANO,16.19011051,40.58737349
CIRIGLIANO,16.17121386,40.39302202
COLOBRARO,16.42339518,40.18797719
CRACO,16.49379247,40.35861858
FERRANDINA,16.45683053,40.49290877
GARAGUSO,16.22716804,40.54882367
GORGOGLIONE,16.14310530,40.39461473
GRASSANO,16.28427970,40.63354407
GROTTOLE,16.37666373,40.60200650
IRSINA,16.24315213,40.74568908
MATERA,16.59792694,40.66751166
MIGLIONICO,16.50157848,40.56577013
MONTALBANO JONICO,16.56883554,40.28804803
MONTESCAGLIOSO,16.66391314,40.55204436
NOVA SIRI,16.53877288,40.14713290
OLIVETO LUCANO,16.18509551,40.53625912
PISTICCI,16.55864113,40.39072951
POLICORO,16.66968702,40.20871929
POMARICO,16.54624726,40.51782460
ROTONDELLA,16.52561695,40.17256273
SALANDRA,16.31965068,40.52555001
SAN GIORGIO LUCANO,16.38951662,40.11417325
SAN MAURO FORTE,16.25233844,40.48722182
STIGLIANO,16.22805419,40.40250081
TRICARICO,16.14057812,40.61895517
TURSI,16.47720972,40.24649534
VALSINNI,16.44198726,40.17067470
SCANZANO JONICO,16.69091204,40.25032140
ACQUAFORMOSA,16.09007863,39.72177269
ACQUAPPESA,15.95403649,39.49462453
ACRI,16.38155051,39.48835683
AIELLO CALABRO,16.16704573,39.11696903
AIETA,15.82365257,39.92835498
ALBIDONA,16.47454413,39.92268533
ALESSANDRIA DEL CARRETTO,16.37827535,39.95853578
ALTILIA,16.25269561,39.13010851
ALTOMONTE,16.12925055,39.69820643
AMANTEA,16.08001218,39.13287384
AMENDOLARA,16.58410071,39.95101261
APRIGLIANO,16.34080544,39.24053515
BELMONTE CALABRO,16.07789547,39.16056055
BELSITO,16.28794816,39.17401078
BELVEDERE MARITTIMO,15.86131540,39.61804375
BIANCHI,16.41066245,39.10080642
BISIGNANO,16.28652064,39.51262710
BOCCHIGLIERO,16.75627760,39.41775539
BONIFATI,15.90507114,39.58691422
BUONVICINO,15.88391307,39.68892272
CALOPEZZATI,16.80171204,39.55889224
CALOVETO,16.75764264,39.50754475
CAMPANA,16.82601626,39.40982925
CANNA,16.50524217,40.09477355
CARIATI,16.94708938,39.49578816
CAROLEI,16.21860838,39.25309730
CARPANZANO,16.30357187,39.14766081
CASSANO ALL'IONIO,16.31920823,39.78187129
CASTIGLIONE COSENTINO,16.28821540,39.35271086
CASTROLIBERO,16.19453661,39.31002250
CASTROREGIO,16.47831522,39.99257445
CASTROVILLARI,16.20229605,39.81097584
CELICO,16.34028978,39.31066737
CELLARA,16.33276902,39.21796333
CERCHIARA DI CALABRIA,16.38164245,39.85915335
CERISANO,16.17836482,39.27454637
CERVICATI,16.12681954,39.54236798
CERZETO,16.11397992,39.50771022
CETRARO,15.94302226,39.51621474
CIVITA,16.31318974,39.82770121
CLETO,16.16592667,39.11658040
COLOSIMI,16.39984966,39.11886134
CORIGLIANO CALABRO,16.52186588,39.59484252
COSENZA,16.25609864,39.29308673
CROPALATI,16.72606403,39.51563374
CROSIA,16.76987711,39.57010960
DIAMANTE,15.82176185,39.67632526
DIPIGNANO,16.25224534,39.23767313
DOMANICO,16.20734893,39.21523217
FAGNANO CASTELLO,16.05445487,39.56115859
FALCONARA ALBANESE,16.08827857,39.27437583
FIGLINE VEGLIATURO,16.32940444,39.22605287
FIRMO,16.17833922,39.72207745
FIUMEFREDDO BRUZIO,16.06634886,39.23589126
FRANCAVILLA MARITTIMA,16.38751107,39.81978031
FRASCINETO,16.26281179,39.83697242
FUSCALDO,16.03134735,39.41626329
GRIMALDI,16.23468119,39.13972195
GRISOLIA,15.85375821,39.72645185
GUARDIA PIEMONTESE,15.99968553,39.46520252
LAGO,16.14910280,39.16655127
LAINO BORGO,15.97230029,39.95478426
LAINO CASTELLO,15.97444333,39.93444740
LAPPANO,16.31382807,39.31926681
LATTARICO,16.13660369,39.46209103
LONGOBARDI,16.07681773,39.20742335
LONGOBUCCO,16.60949425,39.44871877
LUNGRO,16.12174742,39.74407353
LUZZI,16.28817661,39.44634155
MAIERA,15.85041145,39.71612827
MALITO,16.24646658,39.15887133
MALVITO,16.05340915,39.60105409
MANDATORICCIO,16.83669521,39.47022890
MANGONE,16.33262497,39.20437182
MARANO MARCHESATO,16.17362010,39.31506293
MARANO PRINCIPATO,16.17424589,39.30129249
MARZI,16.30704697,39.17062752
MENDICINO,16.19288767,39.26211657
MONGRASSANO,16.11144528,39.52715037
MONTALTO UFFUGO,16.15846935,39.40552343
MONTEGIORDANO,16.53244946,40.04407506
MORANO CALABRO,16.13534776,39.84180415
MORMANNO,15.98760211,39.88973067
MOTTAFOLLONE,16.06664094,39.64705834
NOCARA,16.48353728,40.09894271
ORIOLO,16.44448908,40.05293541
ORSOMARSO,15.90784885,39.79908366
PALUDI,16.67857124,39.53101927
PANETTIERI,16.45375019,39.06007069
PAOLA,16.04152008,39.35993586
PAPASIDERO,15.90580955,39.87158979
PARENTI,16.41276477,39.16280163
PATERNO CALABRO,16.26310291,39.22515259
PEDIVIGLIANO,16.30486327,39.11033580
PIANE CRATI,16.32298308,39.23479514
PIETRAFITTA,16.33876248,39.26192011
PIETRAPAOLA,16.81598135,39.48683052
PLATACI,16.43147687,39.90070112
PRAIA A MARE,15.77978015,39.89531631
RENDE,16.18041387,39.33153620
ROCCA IMPERIALE,16.57535113,40.11056597
ROGGIANO GRAVINA,16.15813054,39.61647580
ROGLIANO,16.32531753,39.18006073
ROSE,16.29788201,39.39925354
ROSETO CAPO SPULICO,16.60126564,39.98665166
ROSSANO,16.63286791,39.57523072
ROTA GRECA,16.11350876,39.46700606
ROVITO,16.32271924,39.30990247
SAN BASILE,16.16360832,39.81096645
SAN BENEDETTO ULLANO,16.12332625,39.42628928
SAN COSMO ALBANESE,16.42056575,39.58234229
SAN DEMETRIO CORONE,16.36319433,39.56767360
SAN DONATO DI NINEA,16.04820188,39.71189174
SAN FILI,16.14233499,39.33762813
SANGINETO,15.91251148,39.60366647
SAN GIORGIO ALBANESE,16.45453461,39.58075449
SAN GIOVANNI IN FIORE,16.69731802,39.25365492
SAN LORENZO BELLIZZI,16.32822504,39.88922996
SAN LORENZO DEL VALLO,16.29472655,39.66685921
SAN LUCIDO,16.05094144,39.30820078
SAN MARCO ARGENTANO,16.11786811,39.55681601
SAN MARTINO DI FINITA,16.10711702,39.49068894
SAN NICOLA ARCELLA,15.79364896,39.84579190
SAN PIETRO IN AMANTEA,16.11243497,39.13658207
SAN PIETRO IN GUARANO,16.31210874,39.34473972
SAN SOSTI,16.02916167,39.65815182
SANTA CATERINA ALBANESE,16.07067974,39.58577673
SANTA DOMENICA TALAO,15.85542937,39.81957215
SANT'AGATA DI ESARO,15.98238081,39.62090696
SANTA MARIA DEL CEDRO,15.83623515,39.74889043
SANTA SOFIA D'EPIRO,16.32883248,39.54597475
SANTO STEFANO DI ROGLIANO,16.32079260,39.19223486
SAN VINCENZO LA COSTA,16.15088930,39.36475905
SARACENA,16.15618881,39.77527455
SCALA COELI,16.88589056,39.44882440
SCALEA,15.79100532,39.80643078
SCIGLIANO,16.30670827,39.12822708
SERRA D'AIELLO,16.12612198,39.09003923
SPEZZANO ALBANESE,16.30856798,39.66184414
SPEZZANO DELLA SILA,16.33736492,39.29780432
TARSIA,16.27301582,39.61728492
TERRANOVA DA SIBARI,16.34380151,39.65582009
TERRAVECCHIA,16.94752399,39.46366527
TORANO CASTELLO,16.14471775,39.50489706
TORTORA,15.76829121,39.92210156
TREBISACCE,16.53046229,39.86679844
VACCARIZZO ALBANESE,16.43323022,39.58707282
VERBICARO,15.91112224,39.75488674
VILLAPIANA,16.45512175,39.84696351
ZUMPANO,16.29350577,39.31063234
CASALI DEL MANCO,16.3373,39.2854
ALBI,16.59721201,39.02455692
AMARONI,16.44834540,38.79361598
AMATO,16.46276195,38.94139316
ANDALI,16.76704577,39.01394149
ARGUSTO,16.43587860,38.68080662
BADOLATO,16.52589516,38.56828186
BELCASTRO,16.78755057,39.01740669
BORGIA,16.51425094,38.82732561
BOTRICELLO,16.86126924,38.93733666
CARAFFA DI CATANZARO,16.48724946,38.88035603
CARDINALE,16.38613748,38.64241295
CARLOPOLI,16.45487060,39.05716335
CATANZARO,16.59440429,38.90597588
CENADI,16.41005658,38.71724722
CENTRACHE,16.43017684,38.72952427
CERVA,16.74247366,39.02032100
CHIARAVALLE CENTRALE,16.41419571,38.68407674
CICALA,16.48636411,39.02308071
CONFLENTI,16.28432695,39.07239526
CORTALE,16.41124273,38.84236651
CROPANI,16.78283041,38.96821334
CURINGA,16.31877580,38.82892067
DAVOLI,16.48682424,38.64896491
DECOLLATURA,16.35690396,39.04671950
FALERNA,16.16835256,39.00218588
FEROLETO ANTICO,16.38742265,38.96176671
FOSSATO SERRALTA,16.57983872,38.99573276
GAGLIATO,16.46351216,38.67682445
GASPERINA,16.50959271,38.73926423
GIMIGLIANO,16.52911804,38.97544283
GIRIFALCO,16.42554823,38.82241011
GIZZERIA,16.20812320,38.97907018
GUARDAVALLE,16.50627486,38.50590327
ISCA SULLO IONIO,16.51897903,38.60055649
JACURSO,16.37858506,38.84737159
MAGISANO,16.62866462,39.01487563
MAIDA,16.36548250,38.85827490
MARCEDUSA,16.83579737,39.02703278
MARCELLINARA,16.49442654,38.92926798
MARTIRANO,16.24758566,39.08303308
MARTIRANO LOMBARDO,16.23105462,39.07572552
MIGLIERINA,16.47246304,38.94761147
MONTAURO,16.50979350,38.74977718
MONTEPAONE,16.49864626,38.72168760
MOTTA SANTA LUCIA,16.29286748,39.09207639
NOCERA TERINESE,16.16400496,39.03744782
OLIVADI,16.42098923,38.72581188
PALERMITI,16.45199284,38.74827454
PENTONE,16.58213116,38.98499070
PETRIZZI,16.47400505,38.70249016
PETRONA,16.75617072,39.03947894
PIANOPOLI,16.38917700,38.95436631
PLATANIA,16.31876806,39.00442189
SAN FLORO,16.51859679,38.83770110
SAN MANGO D'AQUINO,16.18970726,39.06008104
SAN PIETRO A MAIDA,16.34770558,38.84635655
SAN PIETRO APOSTOLO,16.46900408,39.00470624
SAN SOSTENE,16.48751549,38.63732681
SANTA CATERINA DELLO IONIO,16.52101095,38.53497539
SANT'ANDREA APOSTOLO DELLO IONIO,16.52858453,38.62325931
SAN VITO SULLO IONIO,16.40711715,38.71060653
SATRIANO,16.48290910,38.66777759
SELLIA,16.62821011,38.98166655
SELLIA MARINA,16.74500566,38.90365941
SERRASTRETTA,16.41807486,39.01258872
SERSALE,16.72561316,39.01215179
SETTINGIANO,16.51330397,38.91413820
SIMERI CRICHI,16.64616720,38.95525846
SORBO SAN BASILE,16.56936887,39.01940302
SOVERATO,16.54941142,38.68848067
SOVERIA MANNELLI,16.37342158,39.08409185
SOVERIA SIMERI,16.68043869,38.94626392
SQUILLACE,16.51924102,38.78125492
STALETTI,16.54099411,38.76617764
TAVERNA,16.58246870,39.01999644
TIRIOLO,16.50752021,38.94621058
TORRE DI RUGGIERO,16.37279955,38.65307662
VALLEFIORITA,16.46438351,38.77635451
ZAGARISE,16.66059993,38.99974523
LAMEZIA TERME,16.31939038,38.97522103
AFRICO,16.13037700,38.05016319
AGNANA CALABRA,16.22514898,38.30235892
ANOIA,16.08372087,38.43579838
ANTONIMINA,16.14824322,38.27297826
ARDORE,16.16839948,38.19172299
BAGALADI,15.82056507,38.02537012
BAGNARA CALABRA,15.80043949,38.28421816
BENESTARE,16.13932090,38.18655556
BIANCO,16.14854306,38.08886468
BIVONGI,16.45339080,38.48167294
BOVA,15.93180202,37.99457061
BOVALINO,16.17412033,38.14668654
BOVA MARINA,15.92080751,37.93239132
BRANCALEONE,16.10305034,37.96702175
BRUZZANO ZEFFIRIO,16.08133547,38.01262452
CALANNA,15.72262678,38.18257070
CAMINI,16.48172971,38.43203280
CAMPO CALABRO,15.65805338,38.21470020
CANDIDONI,16.08572443,38.50498542
CANOLO,16.20036564,38.31514174
CARAFFA DEL BIANCO,16.08542014,38.09217034
CARDETO,15.76576886,38.08440345
CARERI,16.11621133,38.17862560
CASIGNANA,16.09009354,38.09931577
CAULONIA,16.41049336,38.38139328
CIMINA,16.14154703,38.24667515
CINQUEFRONDI,16.09663388,38.41618816
CITTANOVA,16.08037793,38.35538079
CONDOFURI,15.85901179,38.00426486
COSOLETO,15.92922458,38.27458562
DELIANUOVA,15.91816320,38.24038051
FEROLETO DELLA CHIESA,16.07012309,38.46609357
FERRUZZANO,16.08764893,38.03933721
FIUMARA,15.69216824,38.21087420
GALATRO,16.10849412,38.46026898
GERACE,16.21816180,38.27160155
GIFFONE,16.14999572,38.43887002
GIOIA TAURO,15.89729676,38.42988045
GIOIOSA IONICA,16.30252468,38.33631823
GROTTERIA,16.26520385,38.36845592
LAGANADI,15.74195731,38.17443500
LAUREANA DI BORRELLO,16.08187729,38.48956467
LOCRI,16.26402974,38.23674790
MAMMOLA,16.24051878,38.36207350
MARINA DI GIOIOSA IONICA,16.32907275,38.30332259
MAROPATI,16.09650582,38.44266096
MARTONE,16.28731158,38.35374942
MELICUCCA,15.88191801,38.30220447
MELICUCCO,16.05978024,38.43395838
MELITO DI PORTO SALVO,15.78509471,37.92087265
MOLOCHIO,16.03183873,38.30483208
MONASTERACE,16.55274871,38.45363666
MONTEBELLO IONICO,15.75827051,37.98169028
MOTTA SAN GIOVANNI,15.69731740,38.00175728
OPPIDO MAMERTINA,15.98559889,38.29261123
PALIZZI,15.98331894,37.91927937
PALMI,15.84981529,38.35738161
PAZZANO,16.45051702,38.47716405
PLACANICA,16.45345062,38.40980046
PLATI,16.04396894,38.22028042
POLISTENA,16.07617637,38.40797361
PORTIGLIOLA,16.20285092,38.22769007
REGGIO DI CALABRIA,15.64345359,38.10922766
RIACE,16.48085458,38.41805567
RIZZICONI,15.95875839,38.41185425
ROCCAFORTE DEL GRECO,15.89960399,38.04591019
ROCCELLA IONICA,16.40346997,38.32524775
ROGHUDI,15.76536718,37.92499481
ROSARNO,15.98283216,38.48761200
SAMO,16.05630274,38.07413293
SAN GIORGIO MORGETO,16.10355491,38.38702256
SAN GIOVANNI DI GERACE,16.27789996,38.36576679
SAN LORENZO,15.83383671,38.01063508
SAN LUCA,16.06726483,38.14513230
SAN PIETRO DI CARIDA,16.13242869,38.52168913
SAN PROCOPIO,15.88943153,38.28173876
SAN ROBERTO,15.73555509,38.21145453
SANTA CRISTINA D'ASPROMONTE,15.97003517,38.25427470
SANT'AGATA DEL BIANCO,16.08251031,38.09242278
SANT'ALESSIO IN ASPROMONTE,15.75730556,38.17219708
SANT'EUFEMIA D'ASPROMONTE,15.85473446,38.26208056
SANT'ILARIO DELLO IONIO,16.19253276,38.22083738
SANTO STEFANO IN ASPROMONTE,15.78934566,38.16737949
SCIDO,15.93202000,38.24385347
SCILLA,15.71525562,38.25334976
SEMINARA,15.87049687,38.33609976
SERRATA,16.10156868,38.51277280
SIDERNO,16.29758961,38.26870019
SINOPOLI,15.87741532,38.26350265
STAITI,16.03350092,38.00005281
STIGNANO,16.47047933,38.41820448
STILO,16.46707105,38.47560489
TAURIANOVA,16.01302264,38.35256099
TERRANOVA SAPPO MINULIO,16.00746647,38.32174864
VARAPODIO,15.98322935,38.31464940
VILLA SAN GIOVANNI,15.63692204,38.21916718
SAN FERDINANDO,15.91565813,38.48384424
ALCAMO,12.96497004,37.98060309
BUSETO PALIZZOLO,12.71132304,38.01217232
CALATAFIMI-SEGESTA,12.86271362,37.91416321
CAMPOBELLO DI MAZARA,12.74409014,37.63458999
CASTELLAMMARE DEL GOLFO,12.88044350,38.02637875
CASTELVETRANO,12.79163803,37.67916124
CUSTONACI,12.67554057,38.07802811
ERICE,12.58703706,38.03810338
FAVIGNANA,12.32724071,37.93177599
GIBELLINA,12.86981861,37.80994146
MARSALA,12.43494685,37.79917261
MAZARA DEL VALLO,12.58972014,37.65134848
PACECO,12.55709849,37.98109237
PANTELLERIA,11.94474454,36.83189316
PARTANNA,12.88966372,37.72139660
POGGIOREALE,13.03394289,37.76214589
SALAPARUTA,13.00627343,37.75697501
SALEMI,12.80150907,37.81600398
SANTA NINFA,12.88021819,37.77382222
SAN VITO LO CAPO,12.73502088,38.17309895
TRAPANI,12.51365685,38.01850065
VALDERICE,12.61749353,38.03794811
VITA,12.81458875,37.86842619
PETROSINO,12.49232372,37.71276653
ALIA,13.71312654,37.77857858
ALIMENA,14.11367406,37.69212923
ALIMINUSA,13.78104483,37.86417485
ALTAVILLA MILICIA,13.55045349,38.04231710
ALTOFONTE,13.29829071,38.04435532
BAGHERIA,13.51098444,38.07888292
BALESTRATE,13.00438972,38.05131521
BAUCINA,13.53723989,37.92512717
BELMONTE MEZZAGNO,13.39011115,38.04835230
BISACQUINO,13.25873047,37.70578743
BOLOGNETTA,13.45567566,37.96471871
BOMPIETRO,14.09952174,37.74708402
BORGETTO,13.14274130,38.04642071
CACCAMO,13.66353210,37.93179987
CALTAVUTURO,13.89007124,37.82030861
CAMPOFELICE DI FITALIA,13.48457087,37.82621584
CAMPOFELICE DI ROCCELLA,13.88584537,37.99201030
CAMPOFIORITO,13.26918551,37.75326228
CAMPOREALE,13.09530579,37.89700076
CAPACI,13.23935186,38.17083872
CARINI,13.18240939,38.13319090
CASTELBUONO,14.08825699,37.93384847
CASTELDACCIA,13.53252086,38.05536784
CASTELLANA SICULA,14.04409360,37.78176388
CASTRONOVO DI SICILIA,13.60373510,37.67842244
CEFALA DIANA,13.46371561,37.91540630
CEFALU,14.02202407,38.03969852
CERDA,13.81537105,37.90386060
CHIUSA SCLAFANI,13.26987223,37.67706196
CIMINNA,13.56195330,37.89726194
CINISI,13.10913663,38.15490295
COLLESANO,13.93754507,37.92105542
CONTESSA ENTELLINA,13.18403998,37.72819592
CORLEONE,13.30158040,37.81204186
FICARAZZI,13.46320747,38.08835152
GANGI,14.20524912,37.79815330
GERACI SICULO,14.15415104,37.85898758
GIARDINELLO,13.15678370,38.08861222
GIULIANA,13.23787124,37.67426741
GODRANO,13.42861850,37.90303566
GRATTERI,13.97307322,37.96731008
ISNELLO,14.00607302,37.94398431
ISOLA DELLE FEMMINE,13.24620555,38.20058980
LASCARI,13.94112010,37.99988341
LERCARA FRIDDI,13.60283501,37.74748969
MARINEO,13.41410836,37.95268060
MEZZOJUSO,13.46450986,37.86449557
MISILMERI,13.45154671,38.03514060
MONREALE,13.29170019,38.08232690
MONTELEPRE,13.17326674,38.08979235
MONTEMAGGIORE BELSITO,13.76257765,37.84789269
PALAZZO ADRIANO,13.37965852,37.68162495
PALERMO,13.36235675,38.11569725
PARTINICO,13.11521899,38.04808220
PETRALIA SOPRANA,14.10825065,37.79634285
PETRALIA SOTTANA,14.09221617,37.80594300
PIANA DEGLI ALBANESI,13.28199289,37.99447148
POLIZZI GENEROSA,13.99947177,37.81291089
POLLINA,14.14658207,37.99424976
PRIZZI,13.43099120,37.72165331
ROCCAMENA,13.15530062,37.83859290
ROCCAPALUMBA,13.63945370,37.80607308
SAN CIPIRELLO,13.18170348,37.96022597
SAN GIUSEPPE JATO,13.18116224,37.96819483
SAN MAURO CASTELVERDE,14.19009345,37.91446229
SANTA CRISTINA GELA,13.32751612,37.98508619
SANTA FLAVIA,13.52499914,38.08217373
SCIARA,13.76261496,37.91464342
SCLAFANI BAGNI,13.85460399,37.82112946
TERMINI IMERESE,13.69594357,37.98680894
TERRASINI,13.08238845,38.15295377
TORRETTA,13.23313847,38.13117820
TRABIA,13.65541386,37.99575625
TRAPPETO,13.03652566,38.06655571
USTICA,13.19284289,38.71007807
VALLEDOLMO,13.82825937,37.74708325
VENTIMIGLIA DI SICILIA,13.56791057,37.92614112
VICARI,13.57075051,37.82657579
VILLABATE,13.44209183,38.07564273
VILLAFRATI,13.48672178,37.90807380
SCILLATO,13.90682970,37.85670474
BLUFI,14.07674064,37.75230981
ALCARA LI FUSI,14.70108558,38.02145385
ALI,15.41797276,38.02694065
ALI TERME,15.42261725,38.00375238
ANTILLO,15.24539421,37.97612979
BARCELLONA POZZO DI GOTTO,15.21857534,38.14692512
BASICO,15.06175499,38.06159926
BROLO,14.82771691,38.15684761
CAPIZZI,14.47841766,37.84887419
CAPO D'ORLANDO,14.74392536,38.16030299
CAPRI LEONE,14.70723848,38.10752570
CARONIA,14.44076582,38.02470888
CASALVECCHIO SICULO,15.32349977,37.95821414
CASTEL DI LUCIO,14.31045875,37.88722344
CASTELL'UMBERTO,14.80687881,38.08457970
CASTELMOLA,15.27665979,37.85818779
CASTROREALE,15.21102502,38.09848356
CESARO,14.71217827,37.84375488
CONDRO,15.32648511,38.17570357
FALCONE,15.08228905,38.11643166
FICARRA,14.82747780,38.11042030
FIUMEDINISI,15.38231276,38.02502794
FLORESTA,14.90945173,37.98770217
FONDACHELLI-FANTINA,15.17307530,37.98597775
FORZA D'AGRO,15.33513050,37.91411237
FRANCAVILLA DI SICILIA,15.13614134,37.90124653
FRAZZANO,14.74474753,38.07234359
FURCI SICULO,15.37997427,37.96090470
FURNARI,15.12548931,38.10475339
GAGGI,15.22055836,37.86086335
GALATI MAMERTINO,14.77102197,38.03302982
GALLODORO,15.29381546,37.90168112
GIARDINI-NAXOS,15.27742465,37.84023248
GIOIOSA MAREA,14.89284233,38.17198745
GRANITI,15.22670686,37.89133028
GUALTIERI SICAMINO,15.31675986,38.16306516
ITALA,15.43731628,38.05061330
LENI,14.82416615,38.55494763
LETOJANNI,15.30625560,37.88030919
LIBRIZZI,14.95818725,38.09716507
LIMINA,15.27264247,37.94087859
LIPARI,14.95652135,38.46903961
LONGI,14.75261325,38.02716872
MALFA,14.83604364,38.57699743
MALVAGNA,15.05435477,37.91866067
MANDANICI,15.31711083,38.00229698
MAZZARRA SANT'ANDREA,15.13585547,38.08979715
MERI,15.24644375,38.16794237
MESSINA,15.55572383,38.19395841
MILAZZO,15.24274412,38.22087052
MILITELLO ROSMARINO,14.67603944,38.04635773
MIRTO,14.75285354,38.08512412
MISTRETTA,14.36235493,37.93048648
MOIO ALCANTARA,15.05052936,37.89883558
MONFORTE SAN GIORGIO,15.38351724,38.15686649
MONGIUFFI MELIA,15.27493092,37.90419803
MONTAGNAREALE,14.94770863,38.13246075
MONTALBANO ELICONA,15.01413113,38.02371254
MOTTA CAMASTRA,15.17250433,37.89568789
MOTTA D'AFFERMO,14.30206148,37.98129062
NASO,14.78820006,38.12194429
NIZZA DI SICILIA,15.40794343,37.98886000
NOVARA DI SICILIA,15.13193797,38.01624974
OLIVERI,15.05947815,38.12463376
PACE DEL MELA,15.30570478,38.18012927
PAGLIARA,15.35949936,37.98658779
PATTI,14.96403605,38.13978414
PETTINEO,14.29122447,37.96661363
PIRAINO,14.86316622,38.16189942
RACCUJA,14.91065006,38.05561324
REITANO,14.34444665,37.97307659
ROCCAFIORITA,15.26846879,37.92987623
ROCCALUMERA,15.39453262,37.97509309
ROCCAVALDINA,15.37497616,38.18230046
ROCCELLA VALDEMONE,15.00951850,37.93275497
RODI MILICI,15.16957002,38.11045739
ROMETTA,15.41549487,38.17265545
SAN FILIPPO DEL MELA,15.27181211,38.16929056
SAN FRATELLO,14.59622906,38.01289142
SAN MARCO D'ALUNZIO,14.69883524,38.07304978
SAN PIER NICETO,15.35151876,38.15873308
SAN PIERO PATTI,14.96622365,38.05068340
SAN SALVATORE DI FITALIA,14.77745536,38.07054476
SANTA DOMENICA VITTORIA,14.96188670,37.91554631
SANT'AGATA DI MILITELLO,14.63367737,38.06952050
SANT'ALESSIO SICULO,15.34477639,37.91757739
SANTA LUCIA DEL MELA,15.28317623,38.13999317
SANTA MARINA SALINA,14.87169526,38.55942223
SANT'ANGELO DI BROLO,14.88215123,38.11320212
SANTA TERESA DI RIVA,15.36794666,37.94571282
SAN TEODORO,14.69937355,37.84780770
SANTO STEFANO DI CAMASTRA,14.34832712,38.01634772
SAPONARA,15.43425497,38.19386679
SAVOCA,15.33979136,37.95607340
SCALETTA ZANCLEA,15.45932762,38.04285560
SINAGRA,14.84952801,38.08323735
SPADAFORA,15.37413714,38.22207704
TAORMINA,15.28308351,37.85113293
TORREGROTTA,15.35231584,38.19165519
TORTORICI,14.82486377,38.03054087
TRIPI,15.09943005,38.04933749
TUSA,14.23852776,37.98456978
UCRIA,14.88092158,38.04562699
VALDINA,15.37073820,38.19349868
VENETICO,15.36479822,38.21905395
VILLAFRANCA TIRRENA,15.43249938,38.23545409
TERME VIGLIATORE,15.16241103,38.13672717
ACQUEDOLCI,14.58806194,38.05636112
TORRENOVA,14.67733979,38.09112600
AGRIGENTO,13.58457496,37.30971088
ALESSANDRIA DELLA ROCCA,13.45348842,37.56973494
ARAGONA,13.61778892,37.40243058
BIVONA,13.44040048,37.61810993
BURGIO,13.28953712,37.59887056
CALAMONACI,13.29090306,37.52534229
CALTABELLOTTA,13.21565014,37.57690304
CAMASTRA,13.79377357,37.25215719
CAMMARATA,13.63797741,37.63272878
CAMPOBELLO DI LICATA,13.91888981,37.25978333
CANICATTI,13.84999085,37.36023871
CASTELTERMINI,13.64340312,37.54081015
CASTROFILIPPO,13.75018349,37.34868982
CATTOLICA ERACLEA,13.39539987,37.43952809
CIANCIANA,13.43525819,37.51744705
COMITINI,13.64362024,37.40860888
FAVARA,13.65646307,37.31070969
GROTTE,13.69917960,37.40254860
JOPPOLO GIANCAXIO,13.55409781,37.38774566
LAMPEDUSA E LINOSA,12.60984005,35.50195501
LICATA,13.93718336,37.10156734
LUCCA SICULA,13.30670721,37.57845576
MENFI,12.96641122,37.59822493
MONTALLEGRO,13.35067955,37.39108905
MONTEVAGO,12.99017731,37.70262274
NARO,13.79204148,37.29606377
PALMA DI MONTECHIARO,13.76367520,37.19167642
PORTO EMPEDOCLE,13.52746716,37.28846526
RACALMUTO,13.73141734,37.40771285
RAFFADALI,13.53109425,37.40489693
RAVANUSA,13.97248171,37.26823623
REALMONTE,13.46279155,37.30680567
RIBERA,13.26865760,37.50382096
SAMBUCA DI SICILIA,13.11072583,37.64742058
SAN BIAGIO PLATANI,13.52422822,37.50899211
SAN GIOVANNI GEMINI,13.64120190,37.62994447
SANTA ELISABETTA,13.55490487,37.43158452
SANTA MARGHERITA DI BELICE,13.02402423,37.69197250
SANT'ANGELO MUXARO,13.54427616,37.47918744
SANTO STEFANO QUISQUINA,13.49031996,37.62469807
SCIACCA,13.08292613,37.50777148
SICULIANA,13.42004274,37.33648457
VILLAFRANCA SICULA,13.29093513,37.58683326
ACQUAVIVA PLATANI,13.70014279,37.57170412
BOMPENSIERE,13.78063990,37.47263349
BUTERA,14.18628296,37.18643008
CALTANISSETTA,14.06184986,37.49213171
CAMPOFRANCO,13.71255278,37.51200991
DELIA,13.92762543,37.35605898
GELA,14.25035002,37.06545435
MARIANOPOLI,13.91508083,37.59883246
MAZZARINO,14.21424397,37.30500006
MILENA,13.73627968,37.47145256
MONTEDORO,13.81637743,37.45373660
MUSSOMELI,13.75402582,37.58022427
NISCEMI,14.38503985,37.14528117
RESUTTANO,14.03105327,37.68012807
RIESI,14.08220646,37.28338286
SAN CATALDO,13.99047906,37.48716186
SANTA CATERINA VILLARMOSA,14.03188994,37.59174984
SERRADIFALCO,13.88250841,37.45653741
SOMMATINO,13.99122294,37.33386339
SUTERA,13.73130483,37.52558206
VALLELUNGA PRATAMENO,13.83047129,37.68020669
VILLALBA,13.84393280,37.65497687
AGIRA,14.52379575,37.65721229
AIDONE,14.44789122,37.41600220
ASSORO,14.42408648,37.62816262
BARRAFRANCA,14.20387847,37.37284964
CALASCIBETTA,14.27309071,37.58955793
CATENANUOVA,14.69145818,37.56792494
CENTURIPE,14.74143060,37.62030983
CERAMI,14.50637122,37.81035063
ENNA,14.27909392,37.56705701
GAGLIANO CASTELFERRATO,14.53558411,37.71031882
LEONFORTE,14.39206612,37.63918202
NICOSIA,14.39854731,37.74805212
NISSORIA,14.44936356,37.65515695
PIAZZA ARMERINA,14.36603607,37.38420844
PIETRAPERZIA,14.13691358,37.42163431
REGALBUTO,14.64079757,37.65262615
SPERLINGA,14.35337156,37.76490049
TROINA,14.60044817,37.78501819
VALGUARNERA CAROPEPE,14.38816347,37.49667851
VILLAROSA,14.17423425,37.58791750
ACI BONACCORSI,15.10860732,37.59789361
ACI CASTELLO,15.14523329,37.55581810
ACI CATENA,15.14224165,37.60268159
ACIREALE,15.16628791,37.61215073
ACI SANT'ANTONIO,15.12585282,37.60601727
ADRANO,14.83268741,37.66181377
BELPASSO,14.97704833,37.59138844
BIANCAVILLA,14.86954107,37.64125641
BRONTE,14.83289947,37.78751853
CALATABIANO,15.22774979,37.82332843
CALTAGIRONE,14.51274420,37.23808582
CAMPOROTONDO ETNEO,15.00595832,37.56740031
CASTEL DI IUDICA,14.64944945,37.49443804
CASTIGLIONE DI SICILIA,15.12239020,37.88270389
CATANIA,15.08704738,37.50287801
FIUMEFREDDO DI SICILIA,15.20820135,37.79293030
GIARRE,15.18450405,37.73003683
GRAMMICHELE,14.63723701,37.21500543
GRAVINA DI CATANIA,15.06212657,37.56058183
LICODIA EUBEA,14.70331914,37.15572822
LINGUAGLOSSA,15.14400823,37.84073315
MALETTO,14.86628900,37.82950116
MASCALI,15.19535853,37.75749529
MASCALUCIA,15.05302159,37.57305779
MILITELLO IN VAL DI CATANIA,14.79399781,37.27480551
MILO,15.11606553,37.72334446
MINEO,14.69111130,37.26487470
MIRABELLA IMBACCARI,14.44603260,37.32443567
MISTERBIANCO,15.00637221,37.52084469
MOTTA SANT'ANASTASIA,14.96976761,37.51210110
NICOLOSI,15.02671373,37.61413944
PALAGONIA,14.74576385,37.32765928
PATERNO,14.90251867,37.57696713
PEDARA,15.06021594,37.61720408
PIEDIMONTE ETNEO,15.17821412,37.80766824
RADDUSA,14.53173150,37.47291883
RAMACCA,14.69378294,37.38487209
RANDAZZO,14.94605369,37.87790854
RIPOSTO,15.20383515,37.73181850
SAN CONO,14.36600469,37.28994189
SAN GIOVANNI LA PUNTA,15.09429701,37.57706765
SAN GREGORIO DI CATANIA,15.10845966,37.56488406
SAN MICHELE DI GANZARIA,14.42611634,37.27946798
SAN PIETRO CLARENZA,15.02419347,37.57233467
SANT'AGATA LI BATTIATI,15.08022998,37.55864644
SANT'ALFIO,15.14411429,37.74407333
SANTA MARIA DI LICODIA,14.88739795,37.61617815
SANTA VENERINA,15.13887642,37.68697501
SCORDIA,14.84609045,37.29649404
TRECASTAGNI,15.07920192,37.61700077
TREMESTIERI ETNEO,15.07214434,37.57583588
VALVERDE,15.12482337,37.57900347
VIAGRANDE,15.09632891,37.61058560
VIZZINI,14.74851770,37.16103188
ZAFFERANA ETNEA,15.10337582,37.69470869
MAZZARRONE,14.56159557,37.08400559
MANIACE,14.80775350,37.86200981
RAGALNA,14.93914399,37.63012861
ACATE,14.49372908,37.02640029
CHIARAMONTE GULFI,14.70126744,37.03157582
COMISO,14.60468609,36.94565701
GIARRATANA,14.79303144,37.04827526
ISPICA,14.90352486,36.78617863
MODICA,14.76136035,36.85884699
MONTEROSSO ALMO,14.76256834,37.08888285
POZZALLO,14.84615608,36.72659325
RAGUSA,14.73069920,36.92509197
SANTA CROCE CAMERINA,14.52544024,36.82853528
SCICLI,14.70590362,36.79359171
VITTORIA,14.53800649,36.94878747
AUGUSTA,15.21944081,37.23060554
AVOLA,15.13544392,36.90839155
BUCCHERI,14.85046834,37.12651105
BUSCEMI,14.88415569,37.08523351
CANICATTINI BAGNI,15.06173869,37.03498945
CARLENTINI,15.01477050,37.27597703
CASSARO,14.94764473,37.10522743
FERLA,14.94146541,37.11861277
FLORIDIA,15.15289178,37.08211457
FRANCOFONTE,14.88012787,37.23078145
LENTINI,14.99933634,37.28451352
MELILLI,15.12675487,37.17850834
NOTO,15.06670248,36.89169626
PACHINO,15.09315194,36.71608657
PALAZZOLO ACREIDE,14.90382617,37.06188027
ROSOLINI,14.95353104,36.82034519
SIRACUSA,15.29333240,37.05991685
SOLARINO,15.11909961,37.10124313
SORTINO,15.03283490,37.16256874
PORTOPALO DI CAPO PASSERO,15.13396638,36.68332543
PRIOLO GARGALLO,15.18829357,37.15941965
AGGIUS,9.06392097,40.92880745
ALA DEI SARDI,9.32917825,40.65069405
ALGHERO,8.32608134,40.54843552
ANELA,9.05666422,40.44354491
ARDARA,8.80926358,40.62388640
ARZACHENA,9.38847706,41.07937642
BANARI,8.69753059,40.57197633
BENETUTTI,9.16828273,40.45579466
BERCHIDDA,9.16400704,40.78635359
BESSUDE,8.72722075,40.55567990
BONNANARO,8.76638326,40.53246360
BONO,9.02975231,40.41690678
BONORVA,8.76853126,40.41698096
BORTIGIADAS,9.04327192,40.89144536
BORUTTA,8.74374180,40.52227636
BOTTIDDA,9.00697290,40.39066943
BUDDUSO,9.26086355,40.57857057
BULTEI,9.06148663,40.45707527
BULZI,8.82973366,40.84804202
BURGOS,8.99368536,40.39061632
CALANGIANUS,9.19233471,40.92314505
CARGEGHE,8.61606937,40.66755094
CASTELSARDO,8.71333007,40.91582154
CHEREMULE,8.72514048,40.50610251
CHIARAMONTI,8.82000085,40.75181945
CODRONGIANOS,8.68009951,40.65809986
COSSOINE,8.71259249,40.43143046
ESPORLATU,8.99065916,40.38598158
FLORINAS,8.66570100,40.64793049
GIAVE,8.75054260,40.45201666
ILLORAI,9.00210590,40.35444054
ITTIREDDU,8.90205956,40.54399048
ITTIRI,8.56880739,40.59413859
LAERRU,8.83597569,40.81824972
LA MADDALENA,9.40660750,41.21292425
LUOGOSANTO,9.20552532,41.05064330
LURAS,9.17500810,40.93619412
MARA,8.63690581,40.41070077
MARTIS,8.80866255,40.77889280
MONTELEONE ROCCA DORIA,8.55993756,40.47187701
MONTI,9.32588332,40.80514851
MORES,8.83367400,40.54944198
MUROS,8.61529031,40.67910589
NUGHEDU SAN NICOLO,9.02206431,40.55626911
NULE,9.18728910,40.46090607
NULVI,8.74457384,40.78058030
OLBIA,9.50486158,40.92318242
OLMEDO,8.38262067,40.65003781
OSCHIRI,9.09838673,40.71948130
OSILO,8.67132565,40.74402374
OSSI,8.59067388,40.67634260
OZIERI,8.99838131,40.58497586
PADRIA,8.63044015,40.39800657
PALAU,9.38302871,41.17768674
PATTADA,9.11210268,40.58281193
PERFUGAS,8.88347308,40.83024155
PLOAGHE,8.74930405,40.66573266
PORTO TORRES,8.40122823,40.83722955
POZZOMAGGIORE,8.65657616,40.39932098
PUTIFIGARI,8.46065767,40.56251422
ROMANA,8.58655605,40.48434729
AGLIENTU,9.11300677,41.08161989
SANTA TERESA GALLURA,9.18836077,41.23983449
SASSARI,8.55966713,40.72667657
SEDINI,8.81715720,40.85017734
SEMESTENE,8.72611797,40.39816646
SENNORI,8.59526497,40.78814370
SILIGO,8.72556673,40.57724022
SORSO,8.57785537,40.79697664
TEMPIO PAUSANIA,9.10323451,40.90320323
THIESI,8.72058008,40.52201526
TISSI,8.56237292,40.67874659
TORRALBA,8.76198049,40.51425133
TRINITA D'AGULTU E VIGNOLA,8.91371219,40.98563737
TULA,8.98668427,40.73372886
URI,8.48650236,40.63791739
USINI,8.54056713,40.66371528
VILLANOVA MONTELEONE,8.47038149,40.50357330
VALLEDORIA,8.82245483,40.92775535
TELTI,9.35246713,40.87610644
BADESI,8.87914774,40.96777523
VIDDALBA,8.89457549,40.91705613
GOLFO ARANCI,9.62236691,41.00152384
LOIRI PORTO SAN PAOLO,9.49836273,40.84191320
SANT'ANTONIO DI GALLURA,9.30130196,40.99103246
TERGU,8.71240820,40.86290753
SANTA MARIA COGHINAS,8.86309214,40.90429476
ERULA,8.94168684,40.79133118
STINTINO,8.22629385,40.93699402
PADRU,9.52254209,40.76705051
BUDONI,9.69975634,40.70671935
SAN TEODORO,9.67191215,40.77122280
ARITZO,9.19794984,39.95938538
ARZANA,9.52836116,39.91850362
ATZARA,9.07629541,39.99167325
AUSTIS,9.08850029,40.07104643
BARI SARDO,9.64580126,39.84012545
BAUNEI,9.66358993,40.03178146
BELVI,9.18408371,39.96179317
BIRORI,8.81549457,40.26604990
BITTI,9.38148118,40.47506220
BOLOTANA,8.95889386,40.32786442
BORORE,8.80331732,40.21541160
BORTIGALI,8.83677489,40.28295387
DESULO,9.22870581,40.01122541
DORGALI,9.58812096,40.28928609
DUALCHI,8.90022839,40.23037556
ELINI,9.53114083,39.90000155
FONNI,9.25241157,40.12002775
GADONI,9.18309314,39.91270924
GAIRO,9.50618780,39.84762882
GALTELLI,9.61671055,40.38662593
GAVOI,9.19497917,40.15879970
GIRASOLE,9.66134528,39.95336534
ILBONO,9.54177763,39.89374018
IRGOLI,9.63052700,40.40931635
JERZU,9.51851706,39.79284428
LANUSEI,9.54229961,39.87682776
LEI,8.92023143,40.30752500
LOCERI,9.58207008,39.85671280
LOCULI,9.61104893,40.40674552
LODE,9.53956660,40.59132135
LOTZORAI,9.66253025,39.96938761
LULA,9.48504099,40.47129053
MACOMER,8.78250254,40.26504905
MAMOIADA,9.28393900,40.21438631
MEANA SARDO,9.06886900,39.94761193
NORAGUGUME,8.91996790,40.22475175
NUORO,9.33029639,40.32318834
OLIENA,9.40594815,40.27132245
OLLOLAI,9.18122390,40.16919014
OLZAI,9.14887920,40.18284857
ONANI,9.44086593,40.48438914
ONIFAI,9.65132236,40.40719675
ONIFERI,9.17025595,40.27218119
ORANI,9.17745617,40.25006515
ORGOSOLO,9.35551300,40.20531708
OROSEI,9.69713190,40.37860068
OROTELLI,9.11227876,40.30281646
ORTUERI,8.98548427,40.03608080
ORUNE,9.36973906,40.40613244
OSIDDA,9.21879347,40.52415360
OSINI,9.49729144,39.82199597
OTTANA,9.04544422,40.23499206
OVODDA,9.16096608,40.09618886
PERDASDEFOGU,9.44161471,39.67797681
POSADA,9.71799746,40.63326084
SARULE,9.16599769,40.22896356
SILANUS,8.88945016,40.29044980
SINDIA,8.65939076,40.29607418
SINISCOLA,9.69428347,40.57500849
SORGONO,9.10371160,40.02779870
TALANA,9.49692038,40.04116818
TERTENIA,9.57723938,39.69697794
TETI,9.11925940,40.09643695
TIANA,9.14888448,40.06739505
TONARA,9.17357341,40.02477050
TORPE,9.67845413,40.62868000
TORTOLI,9.65729950,39.92543146
TRIEI,9.64122065,40.03692502
ULASSAI,9.49990537,39.81157100
URZULEI,9.50735480,40.09360817
USSASSAI,9.39347874,39.81056200
VILLAGRANDE STRISAILI,9.50642291,39.96182375
CARDEDU,9.62540588,39.79580077
LODINE,9.21935687,40.14776166
ASSEMINI,9.00623270,39.28961728
CAGLIARI,9.11061631,39.21531191
CAPOTERRA,8.97449734,39.17394789
DECIMOMANNU,8.96564789,39.31099768
MARACALAGONIS,9.22819506,39.28523164
PULA,9.00076992,39.01070240
QUARTU SANT'ELENA,9.18534391,39.24108358
SARROCH,9.01116261,39.06353751
SELARGIUS,9.16555545,39.25370354
SESTU,9.09194598,39.30031871
SETTIMO SAN PIETRO,9.18402554,39.29178454
SINNAI,9.20553239,39.29749167
UTA,8.95297842,39.29305859
VILLA SAN PIETRO,8.99508010,39.03382938
QUARTUCCIU,9.18002720,39.25427575
ELMAS,9.04884749,39.27088656
MONSERRATO,9.14343861,39.25407412
ANDREIS,12.61456216,46.20181387
ARBA,12.79076084,46.14619163
AVIANO,12.58817860,46.06720286
AZZANO DECIMO,12.71413134,45.88124317
BARCIS,12.56001555,46.19085950
BRUGNERA,12.53679631,45.89918867
BUDOIA,12.53264931,46.04292467
CANEVA,12.44902986,45.96855486
CASARSA DELLA DELIZIA,12.84014735,45.95374624
CASTELNOVO DEL FRIULI,12.90325046,46.19990582
CAVASSO NUOVO,12.76881359,46.19403313
CHIONS,12.75234863,45.86229625
CIMOLAIS,12.43779784,46.28808436
CLAUT,12.51391747,46.26713878
CLAUZETTO,12.91493540,46.22905519
CORDENONS,12.70715102,45.98849264
CORDOVADO,12.88212178,45.85013098
ERTO E CASSO,12.37236133,46.27889340
FANNA,12.75427142,46.18767453
FIUME VENETO,12.73686953,45.92802148
FONTANAFREDDA,12.54779912,45.98891061
FRISANCO,12.72383344,46.21259287
MANIAGO,12.70816710,46.17104534
MEDUNO,12.78652713,46.21673311
MONTEREALE VALCELLINA,12.65605978,46.15517618
MORSANO AL TAGLIAMENTO,12.92903161,45.85783419
PASIANO DI PORDENONE,12.62741517,45.85132778
PINZANO AL TAGLIAMENTO,12.94600564,46.18313878
POLCENIGO,12.50174056,46.03057420
PORCIA,12.61375455,45.95805568
PORDENONE,12.66002911,45.95443546
PRATA DI PORDENONE,12.59726391,45.89393848
PRAVISDOMINI,12.69215327,45.81755711
ROVEREDO IN PIANO,12.61755092,46.00954116
SACILE,12.50303667,45.95427679
SAN GIORGIO DELLA RICHINVELDA,12.86774016,46.04540931
SAN MARTINO AL TAGLIAMENTO,12.86384938,46.02082205
SAN QUIRINO,12.68030700,46.03636768
SAN VITO AL TAGLIAMENTO,12.85473667,45.91497245
SEQUALS,12.82658083,46.16621461
SESTO AL REGHENA,12.81651528,45.84857474
SPILIMBERGO,12.90567156,46.11211858
TRAMONTI DI SOPRA,12.78960725,46.30996763
TRAMONTI DI SOTTO,12.79581629,46.28495397
TRAVESIO,12.87197276,46.19647435
VITO D'ASIO,12.95853320,46.23333570
VIVARO,12.77641497,46.07419348
ZOPPOLA,12.77039751,45.96638834
VAJONT,12.69803146,46.14660778
VALVASONE ARZENE,12.8477,46.0022
ACQUAVIVA D'ISERNIA,14.14986101,41.67210928
AGNONE,14.36657220,41.80610155
BAGNOLI DEL TRIGNO,14.45823459,41.70461710
BELMONTE DEL SANNIO,14.42348554,41.82509574
CANTALUPO NEL SANNIO,14.39240437,41.52197024
CAPRACOTTA,14.26424567,41.83385194
CAROVILLI,14.29426695,41.71321389
CARPINONE,14.32380551,41.59150090
CASTEL DEL GIUDICE,14.23147783,41.85498249
CASTELPETROSO,14.34525728,41.55952579
CASTELPIZZUTO,14.29266424,41.52139914
CASTEL SAN VINCENZO,14.06252445,41.65503525
CASTELVERRINO,14.39758991,41.76823350
CERRO AL VOLTURNO,14.10315455,41.65407513
CHIAUCI,14.38553217,41.67805910
CIVITANOVA DEL SANNIO,14.40421907,41.66770571
COLLI A VOLTURNO,14.10391787,41.59903196
CONCA CASALE,14.00670216,41.49445905
FILIGNANO,14.05630859,41.54512473
FORLI DEL SANNIO,14.18119438,41.69525415
FORNELLI,14.14095416,41.60634666
FROSOLONE,14.44913437,41.60153764
ISERNIA,14.22575426,41.58800826
LONGANO,14.24570854,41.52173290
MACCHIA D'ISERNIA,14.16746944,41.56280688
MACCHIAGODENA,14.40583228,41.55925991
MIRANDA,14.24622838,41.64389506
MONTAQUILA,14.11670607,41.56640732
MONTENERO VAL COCCHIARA,14.06618342,41.71473256
MONTERODUNI,14.17571112,41.52279824
PESCHE,14.28163630,41.61124169
PESCOLANCIANO,14.33683957,41.67885835
PESCOPENNATARO,14.29484726,41.87824730
PETTORANELLO DEL MOLISE,14.27697599,41.57357774
PIETRABBONDANTE,14.38776413,41.74869900
PIZZONE,14.03575095,41.66677586
POGGIO SANNITA,14.41318446,41.77861010
POZZILLI,14.06192200,41.51146177
RIONERO SANNITICO,14.13993804,41.71224628
ROCCAMANDOLFI,14.34950282,41.49291156
ROCCASICURA,14.23174503,41.69820278
ROCCHETTA A VOLTURNO,14.08588727,41.62429524
SAN PIETRO AVELLANA,14.18348275,41.78881848
SANT'AGAPITO,14.22177172,41.54374320
SANTA MARIA DEL MOLISE,14.37054743,41.55270340
SANT'ANGELO DEL PESCO,14.25578775,41.88316451
SANT'ELENA SANNITA,14.47195626,41.57673382
SCAPOLI,14.05880908,41.61530062
SESSANO DEL MOLISE,14.33197303,41.63835247
SESTO CAMPANO,14.07735655,41.42108530
VASTOGIRARDI,14.25942524,41.77423652
VENAFRO,14.04510944,41.48619140
ABBASANTA,8.82102235,40.12390307
AIDOMAGGIORE,8.85643400,40.17186399
ALBAGIARA,8.86062815,39.78826485
ALES,8.81584466,39.76922741
ALLAI,8.85951425,39.95793491
ARBOREA,8.58218011,39.77345146
ARDAULI,8.91123069,40.08728814
ASSOLO,8.91562700,39.81074085
ASUNI,8.94773504,39.87191568
BARADILI,8.89760286,39.72251033
BARATILI SAN PIETRO,8.55496644,39.99330353
BARESSA,8.87404906,39.71468132
BAULADU,8.67136806,40.01968427
BIDONI,8.93512060,40.11300422
BONARCADO,8.65453282,40.10082014
BORONEDDU,8.86988195,40.11273716
BUSACHI,8.89807635,40.03328904
CABRAS,8.53119235,39.92991246
CUGLIERI,8.56821770,40.18978261
FORDONGIANUS,8.80796530,39.99491588
GHILARZA,8.83469320,40.12146240
GONNOSCODINA,8.83584438,39.70069319
GONNOSNO,8.87190545,39.76003369
GONNOSTRAMATZA,8.83143099,39.68010941
MARRUBIU,8.63626196,39.74888134
MASULLAS,8.77925361,39.70146376
MILIS,8.63718190,40.04930783
MOGORELLA,8.85826520,39.86312370
MOGORO,8.77457552,39.68410563
MORGONGIORI,8.76772542,39.74615282
NARBOLIA,8.57500076,40.04770998
NEONELI,8.94401269,40.06150392
NORBELLO,8.83225005,40.13395535
NUGHEDU SANTA VITTORIA,8.95429692,40.10206996
NURACHI,8.53991438,39.97379024
NURECI,8.97397217,39.82410064
OLLASTRA,8.73466810,39.95122575
ORISTANO,8.59118315,39.90381075
PALMAS ARBOREA,8.64568223,39.87599627
PAU,8.80309813,39.79271818
PAULILATINO,8.76049414,40.08656495
POMPU,8.79571898,39.72488017
RIOLA SARDO,8.53847299,39.99654532
RUINAS,8.89641753,39.90577058
SAMUGHEO,8.93960557,39.94719111
SAN NICOLO D'ARCIDANO,8.64669205,39.68528787
SANTA GIUSTA,8.60863024,39.87845035
VILLA SANT'ANTONIO,8.90128470,39.85815513
SANTU LUSSURGIU,8.65196647,40.13731299
SAN VERO MILIS,8.59915025,40.01279270
SCANO DI MONTIFERRO,8.58351845,40.21682334
SEDILO,8.92091693,40.17485387
SENEGHE,8.61146801,40.08064293
SENIS,8.93954859,39.82163704
SENNARIOLO,8.55628704,40.21243637
SIAMAGGIORE,8.63615437,39.94874157
SIAMANNA,8.75961834,39.92019454
SIMALA,8.82962503,39.71928821
SIMAXIS,8.69090471,39.93033700
SINI,8.90636308,39.75247187
SIRIS,8.77487540,39.71281218
SOLARUSSA,8.67075837,39.95315767
SORRADILE,8.93276947,40.10664792
TADASUNI,8.88260572,40.11069858
TERRALBA,8.63618393,39.72020036
TRAMATZA,8.64862429,40.00288031
TRESNURAGHES,8.51882002,40.25092504
ULA TIRSO,8.90542873,40.04502134
URAS,8.70107597,39.69835218
USELLUS,8.85263281,39.80828003
VILLANOVA TRUSCHEDU,8.75256917,39.98959369
VILLAURBANA,8.77810331,39.88618034
VILLA VERDE,8.82102064,39.79603586
ZEDDIANI,8.59548717,39.98957536
ZERFALIU,8.70754907,39.95801670
SIAPICCIA,8.76176243,39.92642793
CURCURIS,8.83141321,39.74636188
SODDI,8.87719316,40.12902116
BOSA,8.49783022,40.29914877
FLUSSIO,8.54151996,40.26709307
LACONI,9.05223689,39.85393830
MAGOMADAS,8.52539906,40.26420338
MODOLO,8.52782133,40.27408198
MONTRESTA,8.49987434,40.37371320
SAGAMA,8.57809360,40.26099005
SUNI,8.55027974,40.27974185
TINNURA,8.54820696,40.26924954
AILOCHE,8.22037978,45.69805689
ANDORNO MICCA,8.05331781,45.61556222
BENNA,8.12515045,45.51239521
BIELLA,8.05408217,45.56651120
BIOGLIO,8.13026025,45.60759081
BORRIANA,8.03958043,45.50597172
BRUSNENGO,8.25253753,45.59612900
CALLABIANA,8.09073837,45.63371909
CAMANDONA,8.10001027,45.64170800
CAMBURZANO,8.00331392,45.54420854
CANDELO,8.11270153,45.54629840
CAPRILE,8.21297248,45.69295392
CASAPINTA,8.19340071,45.61503414
CASTELLETTO CERVO,8.22520133,45.51900248
CAVAGLIA,8.09349127,45.40576150
CERRETO CASTELLO,8.15448008,45.56579068
CERRIONE,8.07399473,45.48090765
COGGIOLA,8.18516433,45.68458119
COSSATO,8.18059835,45.57009628
CREVACUORE,8.24712685,45.68583543
CURINO,8.23588835,45.62759246
DONATO,7.90758202,45.52829168
DORZANO,8.09696969,45.42521789
GAGLIANICO,8.07472381,45.53940449
GIFFLENGA,8.23164140,45.49327795
GRAGLIA,7.98111742,45.55789060
MAGNANO,8.00512714,45.46270375
MASSAZZA,8.16516301,45.49207278
MASSERANO,8.22326903,45.59569512
MEZZANA MORTIGLIENGO,8.18944665,45.62596366
MIAGLIANO,8.04377432,45.61413517
MONGRANDO,8.00724710,45.51922940
MOTTALCIATA,8.20748723,45.50864035
MUZZANO,7.98649835,45.56061025
NETRO,7.94789744,45.53803303
OCCHIEPPO INFERIORE,8.02256281,45.55321879
OCCHIEPPO SUPERIORE,8.00471909,45.56477793
PETTINENGO,8.1053,45.6140
PIATTO,8.13519326,45.59180085
PIEDICAVALLO,7.95605870,45.68961430
POLLONE,8.00093472,45.58353694
PONDERANO,8.05681027,45.53855174
PORTULA,8.17908293,45.67532016
PRALUNGO,8.03805645,45.59093233
PRAY,8.20872877,45.67616746
QUAREGNA,8.16475846,45.57635631
RONCO BIELLESE,8.09888176,45.58161079
ROPPOLO,8.06865083,45.42041129
ROSAZZA,7.97753399,45.67613222
SAGLIANO MICCA,8.04528230,45.62281145
SALA BIELLESE,7.95549106,45.50831749
SALUSSOLA,8.10888507,45.44931124
SANDIGLIANO,8.07594373,45.52149102
SOPRANA,8.19848524,45.63897801
SORDEVOLO,7.97528638,45.57149665
SOSTEGNO,8.26898954,45.65353479
STRONA,8.16927886,45.62070490
TAVIGLIANO,8.05319422,45.62362698
TERNENGO,8.11494286,45.59011149
TOLLEGNO,8.05325511,45.59445387
TORRAZZO,7.95539742,45.49810141
TRIVERO,8.16114656,45.66449726
VALDENGO,8.13614989,45.57110590
VALLANZENGO,8.14829733,45.60348752
VALLE MOSSO,8.14241419,45.63512144
VALLE SAN NICOLAO,8.14077093,45.60703360
VEGLIO,8.11414042,45.64008308
VERRONE,8.11971546,45.50393754
VIGLIANO BIELLESE,8.10994124,45.56215813
VILLA DEL BOSCO,8.28264727,45.62028682
VILLANOVA BIELLESE,8.19269978,45.48274602
VIVERONE,8.05065764,45.42559871
ZIMONE,8.03735180,45.44945092
ZUBIENA,7.99732883,45.49283372
ZUMAGLIA,8.08870242,45.59478458
MOSSO,8.13639953,45.64643296
LESSONA,8.1962,45.5861
CAMPIGLIA CERVO,8.0121,45.6577
ABBADIA LARIANA,9.33454921,45.90049968
AIRUNO,9.42246629,45.75440641
ANNONE DI BRIANZA,9.33099149,45.80521736
BALLABIO,9.42416753,45.89603656
BARZAGO,9.31649287,45.75521730
BARZANO,9.31677649,45.73463917
BARZIO,9.46834431,45.94646921
BELLANO,9.30276896,46.04329184
BOSISIO PARINI,9.28792190,45.80042412
BRIVIO,9.44832519,45.74211964
BULCIAGO,9.28389095,45.75086323
CALCO,9.41788138,45.72538205
CALOLZIOCORTE,9.43211005,45.80179176
CARENNO,9.46166828,45.80142537
CASARGO,9.38827009,46.03836074
CASATENOVO,9.31559457,45.69906559
CASSAGO BRIANZA,9.29482669,45.74049083
CASSINA VALSASSINA,9.47938526,45.93197829
CASTELLO DI BRIANZA,9.34825110,45.75583080
CERNUSCO LOMBARDONE,9.39755363,45.69048908
CESANA BRIANZA,9.30076427,45.81945672
CIVATE,9.34739938,45.82585276
COLICO,9.37501095,46.13383442
COLLE BRIANZA,9.36590868,45.76169384
CORTENOVA,9.38375114,45.99971959
COSTA MASNAGA,9.27629819,45.76962292
CRANDOLA VALSASSINA,9.38010344,46.02218424
CREMELLA,9.30340979,45.73994321
CREMENO,9.47362557,45.93336923
DERVIO,9.30672896,46.07707832
DOLZAGO,9.34365014,45.76837239
DORIO,9.31936763,46.10173440
ELLO,9.36569195,45.78781576
ERVE,9.44559378,45.82074408
ESINO LARIO,9.33536596,45.99492366
GALBIATE,9.37443985,45.81434886
GARBAGNATE MONASTERO,9.30266940,45.77238143
GARLATE,9.40408793,45.80427241
IMBERSAGO,9.44460607,45.70528562
INTROBIO,9.45180466,45.97630630
INTROZZO,9.34136960,46.08100075
LECCO,9.39339225,45.85575780
LIERNA,9.30693738,45.95614539
LOMAGNA,9.37567172,45.66758561
MALGRATE,9.37340670,45.85188226
MANDELLO DEL LARIO,9.31952487,45.91727086
MARGNO,9.37998387,46.03048114
MERATE,9.41001487,45.69853645
MISSAGLIA,9.33430617,45.70851014
MOGGIO,9.49003943,45.93125375
MOLTENO,9.30658657,45.77706657
MONTE MARENZO,9.45353310,45.77093551
MONTEVECCHIA,9.38064669,45.70546046
MONTICELLO BRIANZA,9.31503825,45.71068694
MORTERONE,9.48275860,45.87625364
NIBIONNO,9.26395748,45.75311856
OGGIONO,9.35098460,45.79190730
OLGIATE MOLGORA,9.40299197,45.72978003
OLGINATE,9.41032434,45.80227987
OLIVETO LARIO,9.28396721,45.92997974
OSNAGO,9.38801660,45.67573447
PADERNO D'ADDA,9.44739335,45.68024814
PAGNONA,9.40244417,46.05981895
PARLASCO,9.34538141,46.01812696
PASTURO,9.44344209,45.95138347
PERLEDO,9.29557182,46.01528711
PESCATE,9.39454080,45.82997355
PREMANA,9.42310564,46.05223653
PRIMALUNA,9.42946587,45.98688109
ROBBIATE,9.43981350,45.68882431
ROGENO,9.26696362,45.78331911
SANTA MARIA HOE,9.37150125,45.74363037
SIRONE,9.32364660,45.77254626
SIRTORI,9.33386291,45.73527762
SUEGLIO,9.33309670,46.08569063
SUELLO,9.30815929,45.81854832
TACENO,9.36514327,46.02094716
TORRE DE' BUSI,9.47620478,45.77277339
TREMENICO,9.36599386,46.07591544
VALGREGHENTINO,9.41319640,45.76943620
VALMADRERA,9.36027083,45.84697540
VARENNA,9.28358759,46.01061300
VENDROGNO,9.32984089,46.03417625
VERCURAGO,9.42480039,45.81074991
VESTRENO,9.32301029,46.08326652
VIGANO,9.32419661,45.72607126
VERDERIO,9.44182,45.6630
LA VALLETTA BRIANZA,9.3641,45.7386
ABBADIA CERRETO,9.59252482,45.31239093
BERTONICO,9.66860158,45.23388802
BOFFALORA D'ADDA,9.49469045,45.35863081
BORGHETTO LODIGIANO,9.49802352,45.21274117
BORGO SAN GIOVANNI,9.42534131,45.27563501
BREMBIO,9.56969713,45.21510310
CAMAIRAGO,9.72690145,45.20543687
CASALETTO LODIGIANO,9.36181333,45.29313323
CASALMAIOCCO,9.37166246,45.35304438
CASALPUSTERLENGO,9.65107115,45.17779667
CASELLE LANDI,9.79199005,45.10376862
CASELLE LURANI,9.36013950,45.28043270
CASTELNUOVO BOCCA D'ADDA,9.86941312,45.11236905
CASTIGLIONE D'ADDA,9.69503024,45.21568553
CASTIRAGA VIDARDO,9.40263970,45.25645353
CAVACURTA,9.74207463,45.18991546
CAVENAGO D'ADDA,9.60179501,45.28396500
CERVIGNANO D'ADDA,9.42263787,45.37383020
CODOGNO,9.70319172,45.16002706
COMAZZO,9.46396154,45.44065289
CORNEGLIANO LAUDENSE,9.47244994,45.28440382
CORNO GIOVINE,9.75575331,45.13316732
CORNOVECCHIO,9.79762322,45.13613580
CORTE PALASIO,9.56277245,45.31328084
CRESPIATICA,9.57460944,45.35705659
FOMBIO,9.68359880,45.13679397
GALGAGNANO,9.44295797,45.35787967
GRAFFIGNANA,9.45327197,45.21132374
GUARDAMIGLIO,9.68130572,45.10906231
LIVRAGA,9.54480862,45.19263197
LODI,9.50372077,45.31440693
LODI VECCHIO,9.41484635,45.30071382
MACCASTORNA,9.85253271,45.14662982
MAIRAGO,9.57849814,45.25226160
MALEO,9.76453690,45.16820705
MARUDO,9.37499100,45.25255767
MASSALENGO,9.48985029,45.26351699
MELETI,9.83678055,45.11879786
MERLINO,9.42987934,45.43290041
MONTANASO LOMBARDO,9.46308821,45.33528152
MULAZZANO,9.39792838,45.37214807
ORIO LITTA,9.55531306,45.15721239
OSPEDALETTO LODIGIANO,9.58096352,45.16922848
OSSAGO LODIGIANO,9.53647968,45.24486530
PIEVE FISSIRAGA,9.45925148,45.26269190
SALERANO SUL LAMBRO,9.38568468,45.29456749
SAN FIORANO,9.72191772,45.13593789
SAN MARTINO IN STRADA,9.53053223,45.27079119
SAN ROCCO AL PORTO,9.69829190,45.08047376
SANT'ANGELO LODIGIANO,9.40957845,45.23811718
SANTO STEFANO LODIGIANO,9.74305379,45.12207369
SECUGNAGO,9.59141693,45.23034457
SENNA LODIGIANA,9.59358479,45.14724910
SOMAGLIA,9.63788616,45.14698574
SORDIO,9.36686763,45.34019629
TAVAZZANO CON VILLAVESCO,9.40969561,45.32750177
TERRANOVA DEI PASSERINI,9.67828733,45.19868186
TURANO LODIGIANO,9.62271984,45.24823835
VALERA FRATTA,9.33350996,45.25682239
VILLANOVA DEL SILLARO,9.48089049,45.23730986
ZELO BUON PERSICO,9.42923234,45.41160891
BELLARIA-IGEA MARINA,12.45805808,44.14760173
CATTOLICA,12.74464322,43.96376667
CORIANO,12.60253363,43.96440610
GEMMANO,12.58282996,43.90433450
MISANO ADRIATICO,12.69323617,43.97336095
MONDAINO,12.67138147,43.85602804
MONTEFIORE CONCA,12.61126491,43.89067059
MONTEGRIDOLFO,12.68914287,43.85906274
MORCIANO DI ROMAGNA,12.64593717,43.91374175
RICCIONE,12.65505776,44.00002553
RIMINI,12.56562951,44.06090086
SALUDECIO,12.66880924,43.87266832
SAN CLEMENTE,12.62560514,43.93224578
SAN GIOVANNI IN MARIGNANO,12.71245963,43.93898654
SANTARCANGELO DI ROMAGNA,12.44702296,44.06289157
VERUCCHIO,12.42138257,43.98370542
CASTELDELCI,12.15511919,43.79139375
MAIOLO,12.31087171,43.87363360
NOVAFELTRIA,12.28926775,43.89583724
PENNABILLI,12.26477255,43.81831060
SAN LEO,12.34328015,43.89617961
SANT'AGATA FELTRIA,12.20845348,43.86404084
TALAMELLO,12.28613193,43.90490445
POGGIO TORRIANA,12.3868,43.9850
MONTESCUDO - MONTE COLOMBO,12.5533,43.9211
CANTAGALLO,11.10781011,44.02826833
CARMIGNANO,11.01834807,43.81383287
MONTEMURLO,11.03713720,43.92690099
POGGIO A CAIANO,11.05585446,43.81628696
PRATO,11.09703315,43.88062274
VAIANO,11.12331368,43.96864659
VERNIO,11.15575937,44.05334478
BELVEDERE DI SPINELLO,16.88684476,39.21368354
CACCURI,16.78028917,39.22719992
CARFIZZI,16.97610613,39.30619441
CASABONA,16.95829910,39.24846194
CASTELSILANO,16.76686837,39.27061057
CERENZIA,16.78280961,39.24504071
CIRO,17.05965462,39.38168502
CIRO MARINA,17.13083844,39.36529092
COTRONEI,16.69678105,39.18958882
CROTONE,17.12539245,39.08036861
CRUCOLI,17.00369769,39.42468725
CUTRO,16.98195396,39.03319468
ISOLA DI CAPO RIZZUTO,17.09565075,38.95903336
MELISSA,17.02282168,39.30518813
MESORACA,16.79386451,39.08252434
PALLAGORIO,16.91335025,39.30831843
PETILIA POLICASTRO,16.79270604,39.11064945
ROCCABERNARDA,16.87173066,39.13395116
ROCCA DI NETO,17.00234034,39.19170933
SAN MAURO MARCHESATO,16.92253935,39.10276548
SAN NICOLA DELL'ALTO,16.97575675,39.28820184
SANTA SEVERINA,16.91496355,39.14784350
SAVELLI,16.78082128,39.31229782
SCANDALE,16.95852503,39.12313864
STRONGOLI,17.05273017,39.26750146
UMBRIATICO,16.91718776,39.35281114
VERZINO,16.86168109,39.31247790
ACQUARO,16.18996399,38.55558146
ARENA,16.20999999,38.56295629
BRIATICO,16.03415520,38.72445456
BROGNATURO,16.34247722,38.60153042
CAPISTRANO,16.28869251,38.69067014
CESSANITI,16.02959092,38.66395230
DASA,16.19644659,38.56536828
DINAMI,16.14770415,38.52963719
DRAPIA,15.91122353,38.66611711
FABRIZIA,16.30309317,38.48357691
FILADELFIA,16.29343449,38.78355638
FILANDARI,16.03138461,38.61541349
FILOGASO,16.23087033,38.68091561
FRANCAVILLA ANGITOLA,16.27066608,38.77801727
FRANCICA,16.10169169,38.61831486
GEROCARNE,16.22068674,38.58715265
IONADI,16.05444962,38.62781794
JOPPOLO,15.89747029,38.58390789
LIMBADI,15.96202569,38.55879726
MAIERATO,16.19233423,38.70706608
MILETO,16.05989910,38.60321441
MONGIANA,16.31924156,38.51343965
MONTEROSSO CALABRO,16.28738960,38.71793200
NARDODIPACE,16.34295565,38.47418003
NICOTERA,15.93189887,38.54358682
PARGHELIA,15.92423588,38.68183660
PIZZO,16.16159449,38.73590531
PIZZONI,16.24949156,38.62342078
POLIA,16.31405456,38.75092029
RICADI,15.86639112,38.62421334
ROMBIOLO,16.00158118,38.59761794
SAN CALOGERO,16.01327729,38.57066223
SAN COSTANTINO CALABRO,16.07081575,38.63339201
SAN GREGORIO D'IPPONA,16.10173844,38.64330445
SAN NICOLA DA CRISSA,16.28624651,38.66437900
SANT'ONOFRIO,16.14283521,38.69652140
SERRA SAN BRUNO,16.32694650,38.57357167
SIMBARIO,16.33826797,38.61080156
SORIANELLO,16.23286745,38.59224575
SORIANO CALABRO,16.23011086,38.59645359
SPADOLA,16.33651103,38.60364244
SPILINGA,15.90583616,38.62855215
STEFANACONI,16.12717322,38.67620452
TROPEA,15.89789231,38.67862874
VALLELONGA,16.29598601,38.64696316
VAZZANO,16.24599797,38.63353666
VIBO VALENTIA,16.10157559,38.67624141
ZACCANOPOLI,15.93068747,38.66409872
ZAMBRONE,15.98982134,38.69877958
ZUNGRI,15.98363574,38.65678215
ANTRONA SCHIERANCO,8.11509976,46.06141305
ANZOLA D'OSSOLA,8.34746103,45.98947805
ARIZZANO,8.58310897,45.95560733
AROLA,8.35875818,45.80953519
AURANO,8.58799522,45.99871062
BACENO,8.31948395,46.26149142
BANNIO ANZINO,8.14618751,45.98446545
BAVENO,8.50483277,45.90891863
BEE,8.58023117,45.96272502
BELGIRATE,8.57158795,45.83835016
BEURA-CARDEZZA,8.29933657,46.07888063
BOGNANCO,8.20639541,46.12278070
BROVELLO-CARPUGNINO,8.53319491,45.84274418
CALASCA-CASTIGLIONE,8.17024308,46.00382348
CAMBIASCA,8.54113201,45.96429341
CANNERO RIVIERA,8.67933134,46.02206094
CANNOBIO,8.70019280,46.06172035
CAPREZZO,8.56128575,45.98065482
CASALE CORTE CERRO,8.41505526,45.91677748
CAVAGLIO-SPOCCIA,8.64572023,46.06916210
CEPPO MORELLI,8.06670957,45.97136783
CESARA,8.36593391,45.83509710
COSSOGNO,8.51002439,45.96398123
CRAVEGGIA,8.48978584,46.14063555
CREVOLADOSSOLA,8.30357753,46.15604302
CRODO,8.32341150,46.22345888
CURSOLO-ORASSO,8.56659126,46.09784122
DOMODOSSOLA,8.29204242,46.11529474
DRUOGNO,8.43180731,46.13534934
FALMENTA,8.59046809,46.07185915
FORMAZZA,8.42672956,46.37672806
GERMAGNO,8.38796347,45.89247510
GHIFFA,8.61707384,45.95635016
GIGNESE,8.50989111,45.86057481
GRAVELLONA TOCE,8.43142163,45.92758971
GURRO,8.57011459,46.08595940
INTRAGNA,8.57634414,45.99529796
LOREGLIA,8.37102962,45.90636433
MACUGNAGA,7.96781758,45.96863285
MADONNA DEL SASSO,8.36813800,45.79234550
MALESCO,8.50035882,46.12665240
MASERA,8.32647658,46.13697091
MASSIOLA,8.31968051,45.91223892
MERGOZZO,8.45293267,45.96098140
MIAZZINA,8.52391779,45.97521934
MONTECRESTESE,8.32648378,46.16547860
MONTESCHENO,8.23290672,46.06660256
NONIO,8.37679520,45.84505972
OGGEBBIO,8.65287539,45.99691478
OMEGNA,8.40892832,45.87561647
ORNAVASSO,8.41577350,45.96919318
PALLANZENO,8.25785894,46.04346862
PIEDIMULERA,8.25981036,46.02709470
PIEVE VERGONTE,8.26848611,46.00555648
PREMENO,8.59146288,45.97712327
PREMIA,8.33953232,46.26883718
PREMOSELLO-CHIOVENDA,8.32942323,46.00273542
QUARNA SOPRA,8.37223871,45.87304659
QUARNA SOTTO,8.36388175,45.86822819
RE,8.54437265,46.13055610
SAN BERNARDINO VERBANO,8.52017874,45.95679481
SANTA MARIA MAGGIORE,8.46687020,46.13505436
STRESA,8.54073107,45.88388873
TOCENO,8.46755943,46.14344354
TRAREGO VIGGIONA,8.66399212,46.03389353
TRASQUERA,8.21400204,46.21248066
TRONTANO,8.33448238,46.12224737
VALSTRONA,8.34081863,45.90729063
VANZONE CON SAN CARLO,8.11036120,45.97996754
VARZO,8.25547942,46.20672601
VERBANIA,8.55107875,45.92144550
VIGNONE,8.56639436,45.96043591
VILLADOSSOLA,8.26013266,46.06771330
VILLETTE,8.53407667,46.13129239
VOGOGNA,8.29548539,46.00783349
BORGOMEZZAVALLE,8.1968,46.0532
AGRATE BRIANZA,9.35176407,45.57545676
AICURZIO,9.41103721,45.64070053
ALBIATE,9.26133993,45.65669353
ARCORE,9.32108103,45.62696694
BARLASSINA,9.13050805,45.65611701
BELLUSCO,9.41779202,45.61856248
BERNAREGGIO,9.40567521,45.65003338
BESANA IN BRIANZA,9.28851108,45.70076100
BIASSONO,9.27623077,45.62856742
BOVISIO-MASCIAGO,9.14866196,45.61109324
BRIOSCO,9.23719684,45.70929261
BRUGHERIO,9.30006028,45.55103032
BURAGO DI MOLGORA,9.37906933,45.59592144
CAMPARADA,9.32237835,45.65499530
CARATE BRIANZA,9.23312209,45.67705230
CARNATE,9.37833637,45.65106483
CAVENAGO DI BRIANZA,9.41487720,45.58529553
CERIANO LAGHETTO,9.07906789,45.62719292
CESANO MADERNO,9.14802853,45.62648006
COGLIATE,9.08184646,45.64575300
CONCOREZZO,9.33865795,45.59105589
CORREZZANA,9.30446354,45.66785439
DESIO,9.20882654,45.62011658
GIUSSANO,9.20492999,45.69142080
LAZZATE,9.08418935,45.66877588
LESMO,9.30248056,45.64638161
LIMBIATE,9.12302747,45.60503375
LISSONE,9.24385612,45.61053451
MACHERIO,9.27120605,45.64130613
MEDA,9.15527217,45.66155081
MEZZAGO,9.43948055,45.62597039
MISINTO,9.07747501,45.66463093
MONZA,9.27358247,45.58439043
MUGGIO,9.22956006,45.59366403
NOVA MILANESE,9.20171692,45.58698631
ORNAGO,9.42200943,45.59832193
RENATE,9.28467408,45.72266094
RONCO BRIANTINO,9.40072110,45.66777504
SEREGNO,9.20176594,45.65021257
SEVESO,9.13851214,45.64735185
SOVICO,9.26489462,45.64936183
SULBIATE,9.42148311,45.63482681
TRIUGGIO,9.26445108,45.65919443
USMATE VELATE,9.36146078,45.65066470
VAREDO,9.15706477,45.59804877
VEDANO AL LAMBRO,9.27288900,45.60952797
VEDUGGIO CON COLZANO,9.26761258,45.73579292
VERANO BRIANZA,9.22960847,45.68465171
VILLASANTA,9.30195235,45.60427327
VIMERCATE,9.36974907,45.61316595
BUSNAGO,9.46619248,45.61717300
CAPONAGO,9.37703299,45.56531345
CORNATE D'ADDA,9.46388698,45.64875974
LENTATE SUL SEVESO,9.11924273,45.67821761
RONCELLO,9.45696238,45.60488013
ALTIDONA,13.79441016,43.10672038
AMANDOLA,13.35571226,42.98042820
BELMONTE PICENO,13.53882338,43.09152184
CAMPOFILONE,13.81453865,43.07932883
FALERONE,13.47390953,43.10783645
FERMO,13.71839545,43.16058534
FRANCAVILLA D'ETE,13.53995064,43.19100149
GROTTAZZOLINA,13.60101053,43.11099520
LAPEDONA,13.77215164,43.10974917
MAGLIANO DI TENNA,13.58621903,43.13858436
MASSA FERMANA,13.47564023,43.15041673
MONSAMPIETRO MORICO,13.55584414,43.06767040
MONTAPPONE,13.46935716,43.13551010
MONTEFALCONE APPENNINO,13.45956774,42.98770102
MONTEFORTINO,13.34123593,42.94264481
MONTE GIBERTO,13.63086077,43.09128093
MONTEGIORGIO,13.53778583,43.13003126
MONTEGRANARO,13.63259809,43.23338909
MONTELEONE DI FERMO,13.52881190,43.04742683
MONTELPARO,13.53536974,43.01800088
MONTE RINALDO,13.58090613,43.02836327
MONTERUBBIANO,13.71643339,43.08540863
MONTE SAN PIETRANGELI,13.57960601,43.19179356
MONTE URANO,13.67111477,43.20621776
MONTE VIDON COMBATTE,13.63071280,43.04964723
MONTE VIDON CORRADO,13.48448456,43.12139940
MONTOTTONE,13.58480930,43.06195742
MORESCO,13.73244476,43.08571288
ORTEZZANO,13.60749600,43.03158001
PEDASO,13.84092095,43.09802475
PETRITOLI,13.65616614,43.06699367
PONZANO DI FERMO,13.65864462,43.10192109
PORTO SAN GIORGIO,13.79638847,43.18444175
PORTO SANT'ELPIDIO,13.75807173,43.25798509
RAPAGNANO,13.59280287,43.16100943
SANTA VITTORIA IN MATENANO,13.49672144,43.01995193
SANT'ELPIDIO A MARE,13.68653420,43.22916559
SERVIGLIANO,13.49218490,43.08078103
SMERILLO,13.44547478,43.00445155
TORRE SAN PATRIZIO,13.60753129,43.18445404
ANDRIA,16.29520624,41.22705031
BARLETTA,16.27717589,41.31955658
BISCEGLIE,16.50261370,41.24246439
CANOSA DI PUGLIA,16.06264363,41.22539198
MARGHERITA DI SAVOIA,16.14888919,41.37261604
MINERVINO MURGE,16.07966576,41.08918939
SAN FERDINANDO DI PUGLIA,16.06883848,41.30079475
SPINAZZOLA,16.08926535,40.96943551
TRANI,16.41721938,41.27408726
TRINITAPOLI,16.08554811,41.35956887
ARBUS,8.60021437,39.52888068
ARMUNGIA,9.38020135,39.52145507
BALLAO,9.35985141,39.54850967
BARRALI,9.10256337,39.47571098
BARUMINI,9.00284088,39.70479293
BUGGERRU,8.40082773,39.39700000
BURCEI,9.36158826,39.34651389
CALASETTA,8.36539576,39.10727051
CARBONIA,8.52624268,39.16641462
CARLOFORTE,8.30558010,39.14575620
CASTIADAS,9.52360309,39.27560709
COLLINAS,8.83685176,39.64089335
DECIMOPUTZU,8.91892367,39.33508481
DOLIANOVA,9.17578588,39.37561451
DOMUS DE MARIA,8.86371992,38.94586977
DOMUSNOVAS,8.65337095,39.32126404
DONORI,9.12629252,39.43252841
ESCALAPLANO,9.35509402,39.62627857
ESCOLCA,9.12370676,39.69907825
ESTERZILI,9.28522700,39.78062365
FLUMINIMAGGIORE,8.49786516,39.43640202
FURTEI,8.94389583,39.56297820
GENONI,9.00984780,39.79450280
GENURI,8.92316498,39.74279966
GERGEI,9.10176310,39.69955192
GESICO,9.10637449,39.61513560
GESTURI,9.02279686,39.73325037
GIBA,8.63608564,39.07133666
GONI,9.28644748,39.57811029
GONNESA,8.47141529,39.26515256
GONNOSFANADIGA,8.66171260,39.49339845
GUAMAGGIORE,9.07353555,39.56678792
GUASILA,9.04555350,39.56156351
GUSPINI,8.62723238,39.53862206
IGLESIAS,8.53146719,39.30993485
ISILI,9.10666152,39.74180979
LAS PLASSAS,8.98359494,39.67833990
LUNAMATRONA,8.90270446,39.64909104
MANDAS,9.12979552,39.65697588
MASAINAS,8.63060063,39.05154530
MONASTIR,9.04409262,39.38718649
MURAVERA,9.57469830,39.42157603
MUSEI,8.66692588,39.30233554
NARCAO,8.67731416,39.16738912
NURAGUS,9.03863555,39.77663845
NURALLAO,9.07838185,39.79496560
NURAMINIS,9.01320120,39.44162991
NURRI,9.22862384,39.71080493
NUXIS,8.73994091,39.15523860
ORROLI,9.25194317,39.69394256
ORTACESUS,9.08563170,39.53644862
PABILLONIS,8.71932655,39.59572050
PAULI ARBAREI,8.92264864,39.66034190
PERDAXIUS,8.60998838,39.16149264
PIMENTEL,9.06560497,39.48452733
PISCINAS,8.66599648,39.07544448
PORTOSCUSO,8.37902223,39.20388151
SADALI,9.27259967,39.81434932
SAMASSI,8.90735563,39.48200293
SAMATZAI,9.03366490,39.47980558
SAN BASILIO,9.19837245,39.53737549
SAN GAVINO MONREALE,8.79228008,39.54872513
SAN GIOVANNI SUERGIU,8.52209975,39.11024796
SAN NICOLO GERREI,9.30128636,39.49570630
SAN SPERATE,9.00655726,39.35668655
SAN VITO,9.54163191,39.44159247
SANLURI,8.89898244,39.56179766
SANTADI,8.71648381,39.09368726
SANT'ANDREA FRIUS,9.17315964,39.47953197
SANT'ANNA ARRESI,8.64230851,39.00504486
SANT'ANTIOCO,8.45509453,39.06673209
SARDARA,8.82061913,39.61371776
SEGARIU,8.98332136,39.56393434
SELEGAS,9.10390005,39.56850248
SENORBI,9.13200686,39.53305375
SERDIANA,9.15692002,39.37354290
SERRAMANNA,8.92128497,39.42465473
SERRENTI,8.97500182,39.49271560
SERRI,9.14759116,39.70120237
SETZU,8.93975903,39.72372912
SEUI,9.32406450,39.83974909
SEULO,9.23848157,39.86796080
SIDDI,8.88943286,39.66997322
SILIQUA,8.80893299,39.29994078
SILIUS,9.29587489,39.51748382
SIURGUS DONIGALA,9.18512960,39.59920717
SOLEMINIS,9.18134789,39.34813791
SUELLI,9.13190821,39.56198008
TEULADA,8.77250550,38.96813155
TRATALIAS,8.57759316,39.10311494
TUILI,8.96017856,39.71466671
TURRI,8.91816207,39.70309910
USSANA,9.07770839,39.39274761
USSARAMANNA,8.91029932,39.69127520
VALLERMOSA,8.79623519,39.36309442
VILLACIDRO,8.73213001,39.45597163
VILLAMAR,8.96202344,39.61786758
VILLAMASSARGIA,8.64036675,39.27558098
VILLANOVA TULO,9.21507135,39.77988632
VILLANOVAFORRU,8.86861123,39.63268013
VILLANOVAFRANCA,9.00142110,39.64512436
VILLAPERUCCIO,8.67223570,39.11158249
VILLAPUTZU,9.57483207,39.44008566
VILLASALTO,9.38877379,39.49375831
VILLASIMIUS,9.52036544,39.14238405
VILLASOR,8.94065031,39.38068871
VILLASPECIOSA,8.92693384,39.31280535
BARBARANO MOSSANO,45.39758,11.55513
BARBERINO TAVARNELLE,43.55738,11.17107
BORGO D'ANAUNIA,46.46580,11.16440
BORGO MANTOVANO,45.02975,11.13532
BORGO VALBELLUNA,46.03904,12.13631
BORGO VENETO,45.22652,11.53904
BORGOCARBONARA,45.04626,11.18155
CADREZZATE CON OSMATE,45.79055,8.65241
CASSINA DE PECCHI,45.51673,9.36443
CASTELGERUNDO,45.19558,9.73605
CASTELNOVO NE MONTI,44.43188,10.40703
CAVA DE TIRRENI,40.64977,14.69535
COLCERESA,45.71725,11.61032
CORIGLIANO-ROSSANO,39.61965,16.52800
GATTICO-VERUNO,45.70937,8.51199
LATERINA PERGINE VALDARNO,43.60969,11.69773
MONTESCUDO-MONTE COLOMBO,43.92311,12.56839
NEGRAR DI VALPOLICELLA,45.49461,10.95063
PIADENA DRIZZONA,45.12936,10.36105
PRESICCE-ACQUARICA,39.89032,18.24458
QUAREGNA CERRETO,45.57265,8.16348
REGGIO EMILIA,44.69839,10.64291
RIVA DEL PO,44.95042,11.81702
SAN DORLIGO DELLA VALLE,45.60858,13.85816
SAN GIORGIO BIGARELLO,45.17559,10.86749
SAN GIOVANNI DI FASSA,46.41919,11.72817
SASSOCORVARO AUDITORE,43.84580,12.52040
SOLBIATE CON CAGNO,45.78641,8.92963
SORBOLO MEZZANI,44.83550,10.41324
TORRE DE ROVERI,38.65418,16.36885
TRESIGNANA,44.83580,11.90240
UGGIATE CON RONAGO,45.82472,8.95466
VALBRENTA,45.88355,11.70229
VALDILANA,45.64192,8.14521
VARANO DE MELEGARI,44.68986,9.94216
VERMEZZO CON ZELO,45.40244,8.96308
ALTA VAL TIDONE,44.90876,9.31030 
VO,45.39139,11.80595
SANNAZZARO DE BURGONDI,45.09399,8.90218
LESIGNANO DE BAGNI,44.69520,10.09799
BARDELLO CON MALGESSO E BREGANO,45.83540,8.69179